-- MySQL dump 10.13  Distrib 8.0.40, for Win64 (x86_64)
--
-- Host: 127.0.0.1    Database: ruo_yi
-- ------------------------------------------------------
-- Server version	8.0.40

/*!40101 SET @OLD_CHARACTER_SET_CLIENT=@@CHARACTER_SET_CLIENT */;
/*!40101 SET @OLD_CHARACTER_SET_RESULTS=@@CHARACTER_SET_RESULTS */;
/*!40101 SET @OLD_COLLATION_CONNECTION=@@COLLATION_CONNECTION */;
/*!50503 SET NAMES utf8mb4 */;
/*!40103 SET @OLD_TIME_ZONE=@@TIME_ZONE */;
/*!40103 SET TIME_ZONE='+00:00' */;
/*!40014 SET @OLD_UNIQUE_CHECKS=@@UNIQUE_CHECKS, UNIQUE_CHECKS=0 */;
/*!40014 SET @OLD_FOREIGN_KEY_CHECKS=@@FOREIGN_KEY_CHECKS, FOREIGN_KEY_CHECKS=0 */;
/*!40101 SET @OLD_SQL_MODE=@@SQL_MODE, SQL_MODE='NO_AUTO_VALUE_ON_ZERO' */;
/*!40111 SET @OLD_SQL_NOTES=@@SQL_NOTES, SQL_NOTES=0 */;

--
-- Table structure for table `gen_table`
--

DROP TABLE IF EXISTS `gen_table`;
/*!40101 SET @saved_cs_client     = @@character_set_client */;
/*!50503 SET character_set_client = utf8mb4 */;
CREATE TABLE `gen_table` (
  `table_id` bigint NOT NULL AUTO_INCREMENT COMMENT '编号',
  `table_name` varchar(200) DEFAULT '' COMMENT '表名称',
  `table_comment` varchar(500) DEFAULT '' COMMENT '表描述',
  `sub_table_name` varchar(64) DEFAULT NULL COMMENT '关联子表的表名',
  `sub_table_fk_name` varchar(64) DEFAULT NULL COMMENT '子表关联的外键名',
  `class_name` varchar(100) DEFAULT '' COMMENT '实体类名称',
  `tpl_category` varchar(200) DEFAULT 'crud' COMMENT '使用的模板（crud单表操作 tree树表操作）',
  `tpl_web_type` varchar(30) DEFAULT '' COMMENT '前端模板类型（element-ui模版 element-plus模版）',
  `package_name` varchar(100) DEFAULT NULL COMMENT '生成包路径',
  `module_name` varchar(30) DEFAULT NULL COMMENT '生成模块名',
  `business_name` varchar(30) DEFAULT NULL COMMENT '生成业务名',
  `function_name` varchar(50) DEFAULT NULL COMMENT '生成功能名',
  `function_author` varchar(50) DEFAULT NULL COMMENT '生成功能作者',
  `gen_type` char(1) DEFAULT '0' COMMENT '生成代码方式（0zip压缩包 1自定义路径）',
  `gen_path` varchar(200) DEFAULT '/' COMMENT '生成路径（不填默认项目路径）',
  `options` varchar(1000) DEFAULT NULL COMMENT '其它生成选项',
  `create_by` varchar(64) DEFAULT '' COMMENT '创建者',
  `create_time` datetime DEFAULT NULL COMMENT '创建时间',
  `update_by` varchar(64) DEFAULT '' COMMENT '更新者',
  `update_time` datetime DEFAULT NULL COMMENT '更新时间',
  `remark` varchar(500) DEFAULT NULL COMMENT '备注',
  PRIMARY KEY (`table_id`)
) ENGINE=InnoDB AUTO_INCREMENT=9 DEFAULT CHARSET=utf8mb4 COLLATE=utf8mb4_0900_ai_ci COMMENT='代码生成业务表';
/*!40101 SET character_set_client = @saved_cs_client */;

--
-- Dumping data for table `gen_table`
--

LOCK TABLES `gen_table` WRITE;
/*!40000 ALTER TABLE `gen_table` DISABLE KEYS */;
INSERT INTO `gen_table` VALUES (1,'vem_info','售货机主表',NULL,NULL,'VemInfo','crud','element-plus','com.ruoyi.info','info','info','售货机管理','admin','0','/','{\"parentMenuId\":2008}','admin','2024-11-20 21:02:41','','2025-02-15 17:16:00',NULL),(3,'vending_machine_sales','售货机商品销售信息表','','','VendingMachineSales','crud','element-plus','com.ruoyi.vemSys','vemSys','sales','售货机单商品销售信息','ruoyi','0','/','{\"parentMenuId\":2008}','admin','2025-02-15 17:06:11','','2025-02-16 18:05:16',NULL),(5,'product_info','商品信息表',NULL,NULL,'ProductInfo','crud','element-plus','com.ruoyi.product_info','product_info','product','商品信息1','ruoyi','0','/','{\"parentMenuId\":2008}','admin','2025-02-15 19:22:39','','2025-02-15 19:52:50',NULL),(6,'vem_profile','售货机利润表','product_info','id','VemProfile','sub','element-plus','com.ruoyi.profile','total_profile','profile','售货机利润','ruoyi','0','/','{\"parentMenuId\":2008}','admin','2025-02-17 21:01:36','','2025-02-17 21:35:31',NULL),(7,'vem_repair_records','售货机维修记录表',NULL,NULL,'VemRepairRecords','crud','element-plus','com.ruoyi.vemSys','repair_records','repairRecords','售货机维修记录','ruoyi','0','/','{\"parentMenuId\":0}','admin','2025-02-18 21:07:41','','2025-03-12 20:37:01',NULL),(8,'vem_scrap_records','售货机报废表',NULL,NULL,'VemScrapRecords','crud','element-plus','com.ruoyi.vemSys','scrap_records','records','售货机报废','ruoyi','0','/','{\"parentMenuId\":0}','admin','2025-02-19 21:25:06','','2025-02-19 21:56:41',NULL);
/*!40000 ALTER TABLE `gen_table` ENABLE KEYS */;
UNLOCK TABLES;

--
-- Table structure for table `gen_table_column`
--

DROP TABLE IF EXISTS `gen_table_column`;
/*!40101 SET @saved_cs_client     = @@character_set_client */;
/*!50503 SET character_set_client = utf8mb4 */;
CREATE TABLE `gen_table_column` (
  `column_id` bigint NOT NULL AUTO_INCREMENT COMMENT '编号',
  `table_id` bigint DEFAULT NULL COMMENT '归属表编号',
  `column_name` varchar(200) DEFAULT NULL COMMENT '列名称',
  `column_comment` varchar(500) DEFAULT NULL COMMENT '列描述',
  `column_type` varchar(100) DEFAULT NULL COMMENT '列类型',
  `java_type` varchar(500) DEFAULT NULL COMMENT 'JAVA类型',
  `java_field` varchar(200) DEFAULT NULL COMMENT 'JAVA字段名',
  `is_pk` char(1) DEFAULT NULL COMMENT '是否主键（1是）',
  `is_increment` char(1) DEFAULT NULL COMMENT '是否自增（1是）',
  `is_required` char(1) DEFAULT NULL COMMENT '是否必填（1是）',
  `is_insert` char(1) DEFAULT NULL COMMENT '是否为插入字段（1是）',
  `is_edit` char(1) DEFAULT NULL COMMENT '是否编辑字段（1是）',
  `is_list` char(1) DEFAULT NULL COMMENT '是否列表字段（1是）',
  `is_query` char(1) DEFAULT NULL COMMENT '是否查询字段（1是）',
  `query_type` varchar(200) DEFAULT 'EQ' COMMENT '查询方式（等于、不等于、大于、小于、范围）',
  `html_type` varchar(200) DEFAULT NULL COMMENT '显示类型（文本框、文本域、下拉框、复选框、单选框、日期控件）',
  `dict_type` varchar(200) DEFAULT '' COMMENT '字典类型',
  `sort` int DEFAULT NULL COMMENT '排序',
  `create_by` varchar(64) DEFAULT '' COMMENT '创建者',
  `create_time` datetime DEFAULT NULL COMMENT '创建时间',
  `update_by` varchar(64) DEFAULT '' COMMENT '更新者',
  `update_time` datetime DEFAULT NULL COMMENT '更新时间',
  PRIMARY KEY (`column_id`)
) ENGINE=InnoDB AUTO_INCREMENT=72 DEFAULT CHARSET=utf8mb4 COLLATE=utf8mb4_0900_ai_ci COMMENT='代码生成业务表字段';
/*!40101 SET character_set_client = @saved_cs_client */;

--
-- Dumping data for table `gen_table_column`
--

LOCK TABLES `gen_table_column` WRITE;
/*!40000 ALTER TABLE `gen_table_column` DISABLE KEYS */;
INSERT INTO `gen_table_column` VALUES (1,1,'id','售货机id','int','Long','id','1','1','1','1','1','1','1','EQ','input','',1,'admin','2024-11-20 21:02:41','','2025-02-15 17:16:00'),(2,1,'location','售货机位置','varchar(50)','String','location','0','0','1','1','1','1','1','LIKE','input','',2,'admin','2024-11-20 21:02:41','','2025-02-15 17:16:00'),(3,1,'status','售货机状态','varchar(20)','String','status','0','0','1','1','1','1','1','EQ','select','vem_status',3,'admin','2024-11-20 21:02:41','','2025-02-15 17:16:00'),(4,1,'version','售货机公司品牌','varchar(20)','String','version','0','0','1','1','1','1','1','EQ','input','',4,'admin','2024-11-20 21:02:41','','2025-02-15 17:16:00'),(6,1,'created_time','建立时间','datetime','Date','createdTime','0','0','0','0','0','1','1','EQ','datetime','',6,'admin','2024-11-20 21:02:41','','2025-02-15 17:16:00'),(7,1,'last_maintenance_date','最后维护时间','datetime','Date','lastMaintenanceDate','0','0','0','0','1','1','1','EQ','datetime','',7,'admin','2024-11-20 21:02:41','','2025-02-15 17:16:00'),(8,1,'extendfield','扩展内容','json','String','extendfield','0','0','0','0','0','0','0','LIKE','input','',8,'admin','2024-11-20 21:02:41','','2025-02-15 17:16:00'),(9,1,'comment','额外信息','varchar(200)','String','comment','0','0','0','0','0','0','0','LIKE','input','',9,'admin','2024-11-20 21:02:41','','2025-02-15 17:16:00'),(10,1,'suppliers','上架货物供应商','varchar(20)','String','suppliers','0','0','0','1','1','1','1','EQ','select','supplier',5,'','2024-11-20 21:37:00','','2025-02-15 17:16:00'),(20,3,'id','销售记录ID（主键自增）','int','Long','id','1','1','0','1',NULL,'1','1','EQ','input','',1,'admin','2025-02-15 17:06:11','','2025-02-16 18:05:16'),(21,3,'vem_id','售货机ID（外键，关联vem_info表）','int','Long','vemId','0','0','1','1','1','1','1','EQ','input','',2,'admin','2025-02-15 17:06:11','','2025-02-16 18:05:16'),(22,3,'product_id','商品ID（外键，关联Product_info表）','int','Long','productId','0','0','0','0','0','0','0','EQ','input','',3,'admin','2025-02-15 17:06:11','','2025-02-16 18:05:16'),(23,3,'sold_quantity','售出件数','int','Long','soldQuantity','0','0','1','1','1','1','1','EQ','input','',5,'admin','2025-02-15 17:06:11','','2025-02-16 18:05:16'),(24,3,'remaining_quantity','剩余数量','int','Long','remainingQuantity','0','0','1','1','1','1','1','EQ','input','',6,'admin','2025-02-15 17:06:11','','2025-02-16 18:05:16'),(25,3,'total_profit','总利润','decimal(10,2)','BigDecimal','totalProfit','0','0','1','1','1','1','1','EQ','input','',7,'admin','2025-02-15 17:06:11','','2025-02-16 18:05:16'),(26,3,'is_sold_out','是否售罄（1=售罄，0=未售罄）','tinyint(1)','Integer','isSoldOut','0','0','1','1','1','1','1','EQ','select','sell_out',8,'admin','2025-02-15 17:06:11','','2025-02-16 18:05:16'),(27,3,'extend_info','扩展字段（JSON格式）','json','String','extendInfo','0','0','0','1','1','1','1','LIKE',NULL,'',9,'admin','2025-02-15 17:06:11','','2025-02-16 18:05:16'),(28,3,'created_time','创建时间','datetime','Date','createdTime','0','0','0','1','1','1','1','EQ','datetime','',10,'admin','2025-02-15 17:06:11','','2025-02-16 18:05:16'),(29,3,'updated_time','更新时间','datetime','Date','updatedTime','0','0','0','1','1','1','1','EQ','datetime','',11,'admin','2025-02-15 17:06:11','','2025-02-16 18:05:16'),(39,5,'id','商品id','int','Long','id','0','0','1','1',NULL,NULL,NULL,'EQ','input','',1,'admin','2025-02-15 19:22:39','','2025-02-15 19:52:50'),(40,5,'product_name','商品名称','varchar(20)','String','productName','0','0','1','1','1','1','1','LIKE','input','',2,'admin','2025-02-15 19:22:39','','2025-02-15 19:52:50'),(41,5,'product_number','商品数量','int','Long','productNumber','0','0','1','1','1','1','1','EQ','input','',3,'admin','2025-02-15 19:22:39','','2025-02-15 19:52:50'),(42,5,'product_cost','商品进价','decimal(10,0)','Long','productCost','0','0','1','1','1','1','1','EQ','input','',4,'admin','2025-02-15 19:22:39','','2025-02-15 19:52:50'),(43,5,'product_sell','商品售价','decimal(10,0)','Long','productSell','0','0','1','1','1','1','1','EQ','input','',5,'admin','2025-02-15 19:22:39','','2025-02-15 19:52:50'),(44,5,'product_profile','商品利润','int','Long','productProfile','0','0','1','1','1','1','1','EQ','input','',6,'admin','2025-02-15 19:22:39','','2025-02-15 19:52:50'),(45,5,'createtime','创建时间','datetime','Date','createtime','0','0','0','0','0','1','1','EQ','datetime','',7,'admin','2025-02-15 19:22:39','','2025-02-15 19:52:50'),(46,5,'updatetime','更新时间','datetime','Date','updatetime','0','0','0','0','0','1','1','EQ','datetime','',8,'admin','2025-02-15 19:22:39','','2025-02-15 19:52:50'),(47,5,'extendfield','扩展字段','json','String','extendfield','0','0','0','0','0','0','1','LIKE',NULL,'',9,'admin','2025-02-15 19:22:39','','2025-02-15 19:52:50'),(48,3,'product_name','商品名称','varchar(20)','String','productName','0','0','1','1','1','1','1','EQ','input','',4,'','2025-02-16 17:49:31','','2025-02-16 18:05:16'),(49,6,'vem_id','售货机id','int','Long','vemId','0','0','0','1','1','1','1','EQ','input','',1,'admin','2025-02-17 21:01:36','','2025-02-17 21:35:31'),(50,6,'soldQuantity','售出总件数','int','Long','soldQuantity','0','0','0','1','1','1','1','EQ','input','',2,'admin','2025-02-17 21:01:36','','2025-02-17 21:35:31'),(51,6,'remainingQuantity','剩余总数量','int','Long','remainingQuantity','0','0','0','1','1','1','1','EQ','input','',3,'admin','2025-02-17 21:01:36','','2025-02-17 21:35:31'),(52,6,'totalProfit','总利润','int','Long','totalProfit','0','0','0','1','1','1','1','EQ','input','',4,'admin','2025-02-17 21:01:36','','2025-02-17 21:35:31'),(53,6,'extendInfo','扩展字段','json','String','extendInfo','0','0','0','0','0','0','0','EQ',NULL,'',5,'admin','2025-02-17 21:01:36','','2025-02-17 21:35:31'),(54,6,'createdTime','创建时间','datetime','Date','createdTime','0','0','0','0','0','1','1','EQ','datetime','',6,'admin','2025-02-17 21:01:36','','2025-02-17 21:35:31'),(55,6,'updatedTime','更新时间','datetime','Date','updatedTime','0','0','0','0','0','1','1','EQ','datetime','',7,'admin','2025-02-17 21:01:36','','2025-02-17 21:35:31'),(56,7,'record_id','维修记录id','int','Long','recordId','0','0','0','1','1','1','1','EQ','input','',1,'admin','2025-02-18 21:07:41','','2025-03-12 20:37:01'),(57,7,'vem_id','售货机id','int','Long','vemId','0','0','0','1','1','1','1','EQ','input','',2,'admin','2025-02-18 21:07:41','','2025-03-12 20:37:01'),(58,7,'vem_location','售货机位置','varchar(20)','String','vemLocation','0','0','0','1','1','1','1','EQ','input','',3,'admin','2025-02-18 21:07:41','','2025-03-12 20:37:01'),(59,7,'Repairers','维修者','varchar(20)','String','Repairers','0','0','0','1','1','1','1','EQ','input','',4,'admin','2025-02-18 21:07:41','','2025-03-12 20:37:01'),(60,7,'Repair_issues','维修原因','int','String','repairIssues','0','0','0','1','1','1','1','EQ','input','',5,'admin','2025-02-18 21:07:41','','2025-03-12 20:37:01'),(61,7,'Repair_compelete','是否维修完成','varchar(10)','String','repairCompelete','0','0','0','1','1','1','1','EQ','select','sys_repair_compelete',6,'admin','2025-02-18 21:07:41','','2025-03-12 20:37:01'),(62,7,'extendField','扩展字段','json','String','extendField','0','0','0','1','1','1','1','EQ',NULL,'',7,'admin','2025-02-18 21:07:41','','2025-03-12 20:37:01'),(63,7,'createtime','创建时间','datetime','Date','createtime','0','0','0','1','1','1','1','EQ','datetime','',8,'admin','2025-02-18 21:07:41','','2025-03-12 20:37:01'),(64,7,'updatetime','更新时间','datetime','Date','updatetime','0','0','0','1','1','1','1','EQ','datetime','',9,'admin','2025-02-18 21:07:41','','2025-03-12 20:37:01'),(65,8,'scrap_id','单据id','int','Long','scrapId','0','0','0','0','0','0','0','EQ','input','',1,'admin','2025-02-19 21:25:06','','2025-02-19 21:56:41'),(66,8,'vem_id','售货机id','int','Long','vemId','0','0','0','1','1','1','1','EQ','input','',2,'admin','2025-02-19 21:25:06','','2025-02-19 21:56:41'),(67,8,'vem_version','售货机公司品牌','varchar(10)','String','vemVersion','0','0','0','1','1','1','1','EQ','input','',3,'admin','2025-02-19 21:25:06','','2025-02-19 21:56:41'),(68,8,'scrap_reason','废弃原因','varchar(20)','String','scrapReason','0','0','0','1','1','1','1','LIKE','input','',4,'admin','2025-02-19 21:25:06','','2025-02-19 21:56:41'),(69,8,'extendField','扩展字段','json','String','extendField','0','0','0','0','0','0','0','EQ',NULL,'',5,'admin','2025-02-19 21:25:06','','2025-02-19 21:56:41'),(70,8,'createTime','创建时间','datetime','Date','createTime','0','0','0','0','0','1','1','EQ','datetime','',6,'admin','2025-02-19 21:25:06','','2025-02-19 21:56:41'),(71,8,'updateTime','更新时间','datetime','Date','updateTime','0','0','0','0','0','1','1','EQ','datetime','',7,'admin','2025-02-19 21:25:06','','2025-02-19 21:56:41');
/*!40000 ALTER TABLE `gen_table_column` ENABLE KEYS */;
UNLOCK TABLES;

--
-- Table structure for table `product_info`
--

DROP TABLE IF EXISTS `product_info`;
/*!40101 SET @saved_cs_client     = @@character_set_client */;
/*!50503 SET character_set_client = utf8mb4 */;
CREATE TABLE `product_info` (
  `id` int NOT NULL COMMENT '商品id',
  `product_name` varchar(20) DEFAULT NULL COMMENT '商品名称',
  `product_number` int DEFAULT NULL COMMENT '商品数量',
  `product_cost` decimal(10,0) DEFAULT NULL COMMENT '商品进价',
  `product_sell` decimal(10,0) DEFAULT NULL COMMENT '商品售价',
  `product_profile` int DEFAULT NULL COMMENT '商品利润',
  `createtime` datetime DEFAULT NULL COMMENT '创建时间',
  `updatetime` datetime DEFAULT NULL COMMENT '更新时间',
  `extendfield` json DEFAULT NULL COMMENT '扩展字段',
  KEY `idx_product_id` (`id`)
) ENGINE=InnoDB DEFAULT CHARSET=utf8mb4 COLLATE=utf8mb4_0900_ai_ci COMMENT='商品信息表';
/*!40101 SET character_set_client = @saved_cs_client */;

--
-- Dumping data for table `product_info`
--

LOCK TABLES `product_info` WRITE;
/*!40000 ALTER TABLE `product_info` DISABLE KEYS */;
INSERT INTO `product_info` VALUES (2,'绿茶饮料',80,1,4,2,'2023-07-01 00:00:00','2024-01-15 00:00:00','{\"包装\": \"PET瓶\", \"口味\": \"茉莉花\"}'),(3,'夹心饼干',120,3,6,3,'2024-03-20 00:00:00','2024-06-25 00:00:00','{\"口味\": \"奶油\", \"净含量\": \"200g\"}'),(4,'牛肉干',65,5,12,7,'2023-11-30 00:00:00','2024-05-12 00:00:00','{\"产地\": \"内蒙古\", \"辣度\": \"微辣\"}'),(5,'酸奶',200,2,4,2,'2024-02-14 00:00:00','2024-06-30 00:00:00','{\"品牌\": \"光明\", \"规格\": \"180ml\"}'),(6,'巧克力',95,3,9,5,'2023-09-05 00:00:00','2024-04-22 00:00:00','{\"形状\": \"方块\", \"可可含量\": \"60%\"}'),(7,'薯片',180,2,5,3,'2024-01-10 00:00:00','2024-07-01 00:00:00','{\"包装\": \"袋装\", \"口味\": \"原味\"}'),(8,'坚果组合',45,7,15,8,'2023-12-25 00:00:00','2024-03-15 00:00:00','{\"净重\": \"150g\", \"内容物\": \"腰果,杏仁\"}'),(9,'泡面',220,1,3,2,'2023-06-18 00:00:00','2024-07-05 00:00:00','{\"口味\": \"红烧牛肉\", \"碗装\": true}'),(10,'果汁',110,2,6,3,'2024-04-05 00:00:00','2024-06-20 00:00:00','{\"浓度\": \"100%\", \"水果种类\": \"橙汁\"}'),(11,'火腿肠',165,1,2,1,'2023-08-11 00:00:00','2024-05-30 00:00:00','{\"规格\": \"40g\", \"肉含量\": \"≥65%\"}'),(12,'冰淇淋',75,1,3,2,'2024-05-20 00:00:00','2024-07-10 00:00:00','{\"口味\": \"香草\", \"净含量\": \"80g\"}'),(13,'口香糖',130,1,2,1,'2023-10-01 00:00:00','2024-04-12 00:00:00','{\"无糖\": true, \"口味数量\": 12}'),(14,'蛋糕',60,3,7,4,'2024-06-01 00:00:00','2024-07-15 00:00:00','{\"口味\": \"巧克力\", \"保质期\": 7}'),(15,'海苔',90,1,3,2,'2023-12-12 00:00:00','2024-02-28 00:00:00','{\"规格\": \"12片装\", \"原产国\": \"韩国\"}'),(16,'辣条',200,0,1,1,'2024-03-08 00:00:00','2024-06-18 00:00:00','{\"辣度\": \"中辣\", \"净含量\": \"30g\"}'),(17,'凤爪',85,2,4,2,'2023-09-20 00:00:00','2024-05-05 00:00:00','{\"口味\": \"泡椒\", \"包装类型\": \"真空\"}'),(18,'八宝粥',115,2,5,3,'2024-01-25 00:00:00','2024-04-30 00:00:00','{\"净含量\": \"360g\", \"加热提示\": \"可微波\"}'),(19,'瓜子',140,1,3,2,'2023-07-30 00:00:00','2024-03-22 00:00:00','{\"种类\": \"五香\", \"带壳率\": \"≥98%\"}'),(20,'能量棒',55,2,6,3,'2024-02-29 00:00:00','2024-06-10 00:00:00','{\"功能\": \"代餐\", \"蛋白质含量\": \"20g/100g\"}'),(21,'豆干',175,1,2,1,'2023-11-15 00:00:00','2024-05-20 00:00:00','{\"包装\": \"小袋\", \"口味\": \"麻辣\"}'),(22,'棉花糖',95,1,2,1,'2024-04-15 00:00:00','2024-07-01 00:00:00','{\"夹心\": \"草莓\", \"颜色\": \"粉白\"}'),(23,'卤蛋',105,1,2,1,'2023-10-20 00:00:00','2024-03-10 00:00:00','{\"包装\": \"真空\", \"保质期\": 90}'),(24,'虾条',155,1,3,2,'2024-05-05 00:00:00','2024-07-12 00:00:00','{\"净含量\": \"80g\", \"海鲜含量\": \"8%\"}'),(25,'速溶咖啡',70,1,2,1,'2023-12-05 00:00:00','2024-06-25 00:00:00','{\"规格\": \"20条/盒\", \"风味\": \"拿铁\"}'),(26,'果冻',125,0,1,1,'2024-03-18 00:00:00','2024-07-05 00:00:00','{\"形状\": \"水果造型\", \"果汁含量\": \"≥15%\"}'),(27,'燕麦片',80,2,6,4,'2023-08-22 00:00:00','2024-02-14 00:00:00','{\"冲泡方式\": \"热饮\", \"膳食纤维\": \"高\"}'),(28,'猪肉脯',45,4,10,6,'2024-06-10 00:00:00','2024-07-08 00:00:00','{\"产地\": \"靖江\", \"工艺\": \"炭烤\"}'),(29,'米饼',135,1,2,1,'2023-05-30 00:00:00','2024-01-10 00:00:00','{\"原料\": \"大米\", \"含糖量\": \"低\"}'),(30,'龟苓膏',60,1,4,2,'2024-04-01 00:00:00','2024-06-28 00:00:00','{\"功效\": \"降火\", \"储存方式\": \"冷藏\"}'),(1,'矿泉水',150,1,2,1,'2023-05-12 00:00:00','2024-02-18 00:00:00','{\"规格\": \"550ml\", \"保质期\": 24, \"生产商\": \"清泉股份\"}'),(31,'巴旦木',200,25,30,5,'2025-03-25 00:00:00',NULL,NULL);
/*!40000 ALTER TABLE `product_info` ENABLE KEYS */;
UNLOCK TABLES;

--
-- Table structure for table `qrtz_blob_triggers`
--

DROP TABLE IF EXISTS `qrtz_blob_triggers`;
/*!40101 SET @saved_cs_client     = @@character_set_client */;
/*!50503 SET character_set_client = utf8mb4 */;
CREATE TABLE `qrtz_blob_triggers` (
  `sched_name` varchar(120) NOT NULL COMMENT '调度名称',
  `trigger_name` varchar(200) NOT NULL COMMENT 'qrtz_triggers表trigger_name的外键',
  `trigger_group` varchar(200) NOT NULL COMMENT 'qrtz_triggers表trigger_group的外键',
  `blob_data` blob COMMENT '存放持久化Trigger对象',
  PRIMARY KEY (`sched_name`,`trigger_name`,`trigger_group`),
  CONSTRAINT `qrtz_blob_triggers_ibfk_1` FOREIGN KEY (`sched_name`, `trigger_name`, `trigger_group`) REFERENCES `qrtz_triggers` (`sched_name`, `trigger_name`, `trigger_group`)
) ENGINE=InnoDB DEFAULT CHARSET=utf8mb4 COLLATE=utf8mb4_0900_ai_ci COMMENT='Blob类型的触发器表';
/*!40101 SET character_set_client = @saved_cs_client */;

--
-- Dumping data for table `qrtz_blob_triggers`
--

LOCK TABLES `qrtz_blob_triggers` WRITE;
/*!40000 ALTER TABLE `qrtz_blob_triggers` DISABLE KEYS */;
/*!40000 ALTER TABLE `qrtz_blob_triggers` ENABLE KEYS */;
UNLOCK TABLES;

--
-- Table structure for table `qrtz_calendars`
--

DROP TABLE IF EXISTS `qrtz_calendars`;
/*!40101 SET @saved_cs_client     = @@character_set_client */;
/*!50503 SET character_set_client = utf8mb4 */;
CREATE TABLE `qrtz_calendars` (
  `sched_name` varchar(120) NOT NULL COMMENT '调度名称',
  `calendar_name` varchar(200) NOT NULL COMMENT '日历名称',
  `calendar` blob NOT NULL COMMENT '存放持久化calendar对象',
  PRIMARY KEY (`sched_name`,`calendar_name`)
) ENGINE=InnoDB DEFAULT CHARSET=utf8mb4 COLLATE=utf8mb4_0900_ai_ci COMMENT='日历信息表';
/*!40101 SET character_set_client = @saved_cs_client */;

--
-- Dumping data for table `qrtz_calendars`
--

LOCK TABLES `qrtz_calendars` WRITE;
/*!40000 ALTER TABLE `qrtz_calendars` DISABLE KEYS */;
/*!40000 ALTER TABLE `qrtz_calendars` ENABLE KEYS */;
UNLOCK TABLES;

--
-- Table structure for table `qrtz_cron_triggers`
--

DROP TABLE IF EXISTS `qrtz_cron_triggers`;
/*!40101 SET @saved_cs_client     = @@character_set_client */;
/*!50503 SET character_set_client = utf8mb4 */;
CREATE TABLE `qrtz_cron_triggers` (
  `sched_name` varchar(120) NOT NULL COMMENT '调度名称',
  `trigger_name` varchar(200) NOT NULL COMMENT 'qrtz_triggers表trigger_name的外键',
  `trigger_group` varchar(200) NOT NULL COMMENT 'qrtz_triggers表trigger_group的外键',
  `cron_expression` varchar(200) NOT NULL COMMENT 'cron表达式',
  `time_zone_id` varchar(80) DEFAULT NULL COMMENT '时区',
  PRIMARY KEY (`sched_name`,`trigger_name`,`trigger_group`),
  CONSTRAINT `qrtz_cron_triggers_ibfk_1` FOREIGN KEY (`sched_name`, `trigger_name`, `trigger_group`) REFERENCES `qrtz_triggers` (`sched_name`, `trigger_name`, `trigger_group`)
) ENGINE=InnoDB DEFAULT CHARSET=utf8mb4 COLLATE=utf8mb4_0900_ai_ci COMMENT='Cron类型的触发器表';
/*!40101 SET character_set_client = @saved_cs_client */;

--
-- Dumping data for table `qrtz_cron_triggers`
--

LOCK TABLES `qrtz_cron_triggers` WRITE;
/*!40000 ALTER TABLE `qrtz_cron_triggers` DISABLE KEYS */;
/*!40000 ALTER TABLE `qrtz_cron_triggers` ENABLE KEYS */;
UNLOCK TABLES;

--
-- Table structure for table `qrtz_fired_triggers`
--

DROP TABLE IF EXISTS `qrtz_fired_triggers`;
/*!40101 SET @saved_cs_client     = @@character_set_client */;
/*!50503 SET character_set_client = utf8mb4 */;
CREATE TABLE `qrtz_fired_triggers` (
  `sched_name` varchar(120) NOT NULL COMMENT '调度名称',
  `entry_id` varchar(95) NOT NULL COMMENT '调度器实例id',
  `trigger_name` varchar(200) NOT NULL COMMENT 'qrtz_triggers表trigger_name的外键',
  `trigger_group` varchar(200) NOT NULL COMMENT 'qrtz_triggers表trigger_group的外键',
  `instance_name` varchar(200) NOT NULL COMMENT '调度器实例名',
  `fired_time` bigint NOT NULL COMMENT '触发的时间',
  `sched_time` bigint NOT NULL COMMENT '定时器制定的时间',
  `priority` int NOT NULL COMMENT '优先级',
  `state` varchar(16) NOT NULL COMMENT '状态',
  `job_name` varchar(200) DEFAULT NULL COMMENT '任务名称',
  `job_group` varchar(200) DEFAULT NULL COMMENT '任务组名',
  `is_nonconcurrent` varchar(1) DEFAULT NULL COMMENT '是否并发',
  `requests_recovery` varchar(1) DEFAULT NULL COMMENT '是否接受恢复执行',
  PRIMARY KEY (`sched_name`,`entry_id`)
) ENGINE=InnoDB DEFAULT CHARSET=utf8mb4 COLLATE=utf8mb4_0900_ai_ci COMMENT='已触发的触发器表';
/*!40101 SET character_set_client = @saved_cs_client */;

--
-- Dumping data for table `qrtz_fired_triggers`
--

LOCK TABLES `qrtz_fired_triggers` WRITE;
/*!40000 ALTER TABLE `qrtz_fired_triggers` DISABLE KEYS */;
/*!40000 ALTER TABLE `qrtz_fired_triggers` ENABLE KEYS */;
UNLOCK TABLES;

--
-- Table structure for table `qrtz_job_details`
--

DROP TABLE IF EXISTS `qrtz_job_details`;
/*!40101 SET @saved_cs_client     = @@character_set_client */;
/*!50503 SET character_set_client = utf8mb4 */;
CREATE TABLE `qrtz_job_details` (
  `sched_name` varchar(120) NOT NULL COMMENT '调度名称',
  `job_name` varchar(200) NOT NULL COMMENT '任务名称',
  `job_group` varchar(200) NOT NULL COMMENT '任务组名',
  `description` varchar(250) DEFAULT NULL COMMENT '相关介绍',
  `job_class_name` varchar(250) NOT NULL COMMENT '执行任务类名称',
  `is_durable` varchar(1) NOT NULL COMMENT '是否持久化',
  `is_nonconcurrent` varchar(1) NOT NULL COMMENT '是否并发',
  `is_update_data` varchar(1) NOT NULL COMMENT '是否更新数据',
  `requests_recovery` varchar(1) NOT NULL COMMENT '是否接受恢复执行',
  `job_data` blob COMMENT '存放持久化job对象',
  PRIMARY KEY (`sched_name`,`job_name`,`job_group`)
) ENGINE=InnoDB DEFAULT CHARSET=utf8mb4 COLLATE=utf8mb4_0900_ai_ci COMMENT='任务详细信息表';
/*!40101 SET character_set_client = @saved_cs_client */;

--
-- Dumping data for table `qrtz_job_details`
--

LOCK TABLES `qrtz_job_details` WRITE;
/*!40000 ALTER TABLE `qrtz_job_details` DISABLE KEYS */;
/*!40000 ALTER TABLE `qrtz_job_details` ENABLE KEYS */;
UNLOCK TABLES;

--
-- Table structure for table `qrtz_locks`
--

DROP TABLE IF EXISTS `qrtz_locks`;
/*!40101 SET @saved_cs_client     = @@character_set_client */;
/*!50503 SET character_set_client = utf8mb4 */;
CREATE TABLE `qrtz_locks` (
  `sched_name` varchar(120) NOT NULL COMMENT '调度名称',
  `lock_name` varchar(40) NOT NULL COMMENT '悲观锁名称',
  PRIMARY KEY (`sched_name`,`lock_name`)
) ENGINE=InnoDB DEFAULT CHARSET=utf8mb4 COLLATE=utf8mb4_0900_ai_ci COMMENT='存储的悲观锁信息表';
/*!40101 SET character_set_client = @saved_cs_client */;

--
-- Dumping data for table `qrtz_locks`
--

LOCK TABLES `qrtz_locks` WRITE;
/*!40000 ALTER TABLE `qrtz_locks` DISABLE KEYS */;
/*!40000 ALTER TABLE `qrtz_locks` ENABLE KEYS */;
UNLOCK TABLES;

--
-- Table structure for table `qrtz_paused_trigger_grps`
--

DROP TABLE IF EXISTS `qrtz_paused_trigger_grps`;
/*!40101 SET @saved_cs_client     = @@character_set_client */;
/*!50503 SET character_set_client = utf8mb4 */;
CREATE TABLE `qrtz_paused_trigger_grps` (
  `sched_name` varchar(120) NOT NULL COMMENT '调度名称',
  `trigger_group` varchar(200) NOT NULL COMMENT 'qrtz_triggers表trigger_group的外键',
  PRIMARY KEY (`sched_name`,`trigger_group`)
) ENGINE=InnoDB DEFAULT CHARSET=utf8mb4 COLLATE=utf8mb4_0900_ai_ci COMMENT='暂停的触发器表';
/*!40101 SET character_set_client = @saved_cs_client */;

--
-- Dumping data for table `qrtz_paused_trigger_grps`
--

LOCK TABLES `qrtz_paused_trigger_grps` WRITE;
/*!40000 ALTER TABLE `qrtz_paused_trigger_grps` DISABLE KEYS */;
/*!40000 ALTER TABLE `qrtz_paused_trigger_grps` ENABLE KEYS */;
UNLOCK TABLES;

--
-- Table structure for table `qrtz_scheduler_state`
--

DROP TABLE IF EXISTS `qrtz_scheduler_state`;
/*!40101 SET @saved_cs_client     = @@character_set_client */;
/*!50503 SET character_set_client = utf8mb4 */;
CREATE TABLE `qrtz_scheduler_state` (
  `sched_name` varchar(120) NOT NULL COMMENT '调度名称',
  `instance_name` varchar(200) NOT NULL COMMENT '实例名称',
  `last_checkin_time` bigint NOT NULL COMMENT '上次检查时间',
  `checkin_interval` bigint NOT NULL COMMENT '检查间隔时间',
  PRIMARY KEY (`sched_name`,`instance_name`)
) ENGINE=InnoDB DEFAULT CHARSET=utf8mb4 COLLATE=utf8mb4_0900_ai_ci COMMENT='调度器状态表';
/*!40101 SET character_set_client = @saved_cs_client */;

--
-- Dumping data for table `qrtz_scheduler_state`
--

LOCK TABLES `qrtz_scheduler_state` WRITE;
/*!40000 ALTER TABLE `qrtz_scheduler_state` DISABLE KEYS */;
/*!40000 ALTER TABLE `qrtz_scheduler_state` ENABLE KEYS */;
UNLOCK TABLES;

--
-- Table structure for table `qrtz_simple_triggers`
--

DROP TABLE IF EXISTS `qrtz_simple_triggers`;
/*!40101 SET @saved_cs_client     = @@character_set_client */;
/*!50503 SET character_set_client = utf8mb4 */;
CREATE TABLE `qrtz_simple_triggers` (
  `sched_name` varchar(120) NOT NULL COMMENT '调度名称',
  `trigger_name` varchar(200) NOT NULL COMMENT 'qrtz_triggers表trigger_name的外键',
  `trigger_group` varchar(200) NOT NULL COMMENT 'qrtz_triggers表trigger_group的外键',
  `repeat_count` bigint NOT NULL COMMENT '重复的次数统计',
  `repeat_interval` bigint NOT NULL COMMENT '重复的间隔时间',
  `times_triggered` bigint NOT NULL COMMENT '已经触发的次数',
  PRIMARY KEY (`sched_name`,`trigger_name`,`trigger_group`),
  CONSTRAINT `qrtz_simple_triggers_ibfk_1` FOREIGN KEY (`sched_name`, `trigger_name`, `trigger_group`) REFERENCES `qrtz_triggers` (`sched_name`, `trigger_name`, `trigger_group`)
) ENGINE=InnoDB DEFAULT CHARSET=utf8mb4 COLLATE=utf8mb4_0900_ai_ci COMMENT='简单触发器的信息表';
/*!40101 SET character_set_client = @saved_cs_client */;

--
-- Dumping data for table `qrtz_simple_triggers`
--

LOCK TABLES `qrtz_simple_triggers` WRITE;
/*!40000 ALTER TABLE `qrtz_simple_triggers` DISABLE KEYS */;
/*!40000 ALTER TABLE `qrtz_simple_triggers` ENABLE KEYS */;
UNLOCK TABLES;

--
-- Table structure for table `qrtz_simprop_triggers`
--

DROP TABLE IF EXISTS `qrtz_simprop_triggers`;
/*!40101 SET @saved_cs_client     = @@character_set_client */;
/*!50503 SET character_set_client = utf8mb4 */;
CREATE TABLE `qrtz_simprop_triggers` (
  `sched_name` varchar(120) NOT NULL COMMENT '调度名称',
  `trigger_name` varchar(200) NOT NULL COMMENT 'qrtz_triggers表trigger_name的外键',
  `trigger_group` varchar(200) NOT NULL COMMENT 'qrtz_triggers表trigger_group的外键',
  `str_prop_1` varchar(512) DEFAULT NULL COMMENT 'String类型的trigger的第一个参数',
  `str_prop_2` varchar(512) DEFAULT NULL COMMENT 'String类型的trigger的第二个参数',
  `str_prop_3` varchar(512) DEFAULT NULL COMMENT 'String类型的trigger的第三个参数',
  `int_prop_1` int DEFAULT NULL COMMENT 'int类型的trigger的第一个参数',
  `int_prop_2` int DEFAULT NULL COMMENT 'int类型的trigger的第二个参数',
  `long_prop_1` bigint DEFAULT NULL COMMENT 'long类型的trigger的第一个参数',
  `long_prop_2` bigint DEFAULT NULL COMMENT 'long类型的trigger的第二个参数',
  `dec_prop_1` decimal(13,4) DEFAULT NULL COMMENT 'decimal类型的trigger的第一个参数',
  `dec_prop_2` decimal(13,4) DEFAULT NULL COMMENT 'decimal类型的trigger的第二个参数',
  `bool_prop_1` varchar(1) DEFAULT NULL COMMENT 'Boolean类型的trigger的第一个参数',
  `bool_prop_2` varchar(1) DEFAULT NULL COMMENT 'Boolean类型的trigger的第二个参数',
  PRIMARY KEY (`sched_name`,`trigger_name`,`trigger_group`),
  CONSTRAINT `qrtz_simprop_triggers_ibfk_1` FOREIGN KEY (`sched_name`, `trigger_name`, `trigger_group`) REFERENCES `qrtz_triggers` (`sched_name`, `trigger_name`, `trigger_group`)
) ENGINE=InnoDB DEFAULT CHARSET=utf8mb4 COLLATE=utf8mb4_0900_ai_ci COMMENT='同步机制的行锁表';
/*!40101 SET character_set_client = @saved_cs_client */;

--
-- Dumping data for table `qrtz_simprop_triggers`
--

LOCK TABLES `qrtz_simprop_triggers` WRITE;
/*!40000 ALTER TABLE `qrtz_simprop_triggers` DISABLE KEYS */;
/*!40000 ALTER TABLE `qrtz_simprop_triggers` ENABLE KEYS */;
UNLOCK TABLES;

--
-- Table structure for table `qrtz_triggers`
--

DROP TABLE IF EXISTS `qrtz_triggers`;
/*!40101 SET @saved_cs_client     = @@character_set_client */;
/*!50503 SET character_set_client = utf8mb4 */;
CREATE TABLE `qrtz_triggers` (
  `sched_name` varchar(120) NOT NULL COMMENT '调度名称',
  `trigger_name` varchar(200) NOT NULL COMMENT '触发器的名字',
  `trigger_group` varchar(200) NOT NULL COMMENT '触发器所属组的名字',
  `job_name` varchar(200) NOT NULL COMMENT 'qrtz_job_details表job_name的外键',
  `job_group` varchar(200) NOT NULL COMMENT 'qrtz_job_details表job_group的外键',
  `description` varchar(250) DEFAULT NULL COMMENT '相关介绍',
  `next_fire_time` bigint DEFAULT NULL COMMENT '上一次触发时间（毫秒）',
  `prev_fire_time` bigint DEFAULT NULL COMMENT '下一次触发时间（默认为-1表示不触发）',
  `priority` int DEFAULT NULL COMMENT '优先级',
  `trigger_state` varchar(16) NOT NULL COMMENT '触发器状态',
  `trigger_type` varchar(8) NOT NULL COMMENT '触发器的类型',
  `start_time` bigint NOT NULL COMMENT '开始时间',
  `end_time` bigint DEFAULT NULL COMMENT '结束时间',
  `calendar_name` varchar(200) DEFAULT NULL COMMENT '日程表名称',
  `misfire_instr` smallint DEFAULT NULL COMMENT '补偿执行的策略',
  `job_data` blob COMMENT '存放持久化job对象',
  PRIMARY KEY (`sched_name`,`trigger_name`,`trigger_group`),
  KEY `sched_name` (`sched_name`,`job_name`,`job_group`),
  CONSTRAINT `qrtz_triggers_ibfk_1` FOREIGN KEY (`sched_name`, `job_name`, `job_group`) REFERENCES `qrtz_job_details` (`sched_name`, `job_name`, `job_group`)
) ENGINE=InnoDB DEFAULT CHARSET=utf8mb4 COLLATE=utf8mb4_0900_ai_ci COMMENT='触发器详细信息表';
/*!40101 SET character_set_client = @saved_cs_client */;

--
-- Dumping data for table `qrtz_triggers`
--

LOCK TABLES `qrtz_triggers` WRITE;
/*!40000 ALTER TABLE `qrtz_triggers` DISABLE KEYS */;
/*!40000 ALTER TABLE `qrtz_triggers` ENABLE KEYS */;
UNLOCK TABLES;

--
-- Table structure for table `sys_config`
--

DROP TABLE IF EXISTS `sys_config`;
/*!40101 SET @saved_cs_client     = @@character_set_client */;
/*!50503 SET character_set_client = utf8mb4 */;
CREATE TABLE `sys_config` (
  `config_id` int NOT NULL AUTO_INCREMENT COMMENT '参数主键',
  `config_name` varchar(100) DEFAULT '' COMMENT '参数名称',
  `config_key` varchar(100) DEFAULT '' COMMENT '参数键名',
  `config_value` varchar(500) DEFAULT '' COMMENT '参数键值',
  `config_type` char(1) DEFAULT 'N' COMMENT '系统内置（Y是 N否）',
  `create_by` varchar(64) DEFAULT '' COMMENT '创建者',
  `create_time` datetime DEFAULT NULL COMMENT '创建时间',
  `update_by` varchar(64) DEFAULT '' COMMENT '更新者',
  `update_time` datetime DEFAULT NULL COMMENT '更新时间',
  `remark` varchar(500) DEFAULT NULL COMMENT '备注',
  PRIMARY KEY (`config_id`)
) ENGINE=InnoDB AUTO_INCREMENT=100 DEFAULT CHARSET=utf8mb4 COLLATE=utf8mb4_0900_ai_ci COMMENT='参数配置表';
/*!40101 SET character_set_client = @saved_cs_client */;

--
-- Dumping data for table `sys_config`
--

LOCK TABLES `sys_config` WRITE;
/*!40000 ALTER TABLE `sys_config` DISABLE KEYS */;
INSERT INTO `sys_config` VALUES (1,'主框架页-默认皮肤样式名称','sys.index.skinName','skin-blue','Y','admin','2024-11-13 20:55:02','',NULL,'蓝色 skin-blue、绿色 skin-green、紫色 skin-purple、红色 skin-red、黄色 skin-yellow'),(2,'用户管理-账号初始密码','sys.user.initPassword','123456','Y','admin','2024-11-13 20:55:02','',NULL,'初始化密码 123456'),(3,'主框架页-侧边栏主题','sys.index.sideTheme','theme-dark','Y','admin','2024-11-13 20:55:02','',NULL,'深色主题theme-dark，浅色主题theme-light'),(4,'账号自助-验证码开关','sys.account.captchaEnabled','false','Y','admin','2024-11-13 20:55:02','admin','2025-02-05 21:34:38','是否开启验证码功能（true开启，false关闭）'),(5,'账号自助-是否开启用户注册功能','sys.account.registerUser','false','Y','admin','2024-11-13 20:55:02','',NULL,'是否开启注册用户功能（true开启，false关闭）'),(6,'用户登录-黑名单列表','sys.login.blackIPList','','Y','admin','2024-11-13 20:55:02','',NULL,'设置登录IP黑名单限制，多个匹配项以;分隔，支持匹配（*通配、网段）');
/*!40000 ALTER TABLE `sys_config` ENABLE KEYS */;
UNLOCK TABLES;

--
-- Table structure for table `sys_dept`
--

DROP TABLE IF EXISTS `sys_dept`;
/*!40101 SET @saved_cs_client     = @@character_set_client */;
/*!50503 SET character_set_client = utf8mb4 */;
CREATE TABLE `sys_dept` (
  `dept_id` bigint NOT NULL AUTO_INCREMENT COMMENT '部门id',
  `parent_id` bigint DEFAULT '0' COMMENT '父部门id',
  `ancestors` varchar(50) DEFAULT '' COMMENT '祖级列表',
  `dept_name` varchar(30) DEFAULT '' COMMENT '部门名称',
  `order_num` int DEFAULT '0' COMMENT '显示顺序',
  `leader` varchar(20) DEFAULT NULL COMMENT '负责人',
  `phone` varchar(11) DEFAULT NULL COMMENT '联系电话',
  `email` varchar(50) DEFAULT NULL COMMENT '邮箱',
  `status` char(1) DEFAULT '0' COMMENT '部门状态（0正常 1停用）',
  `del_flag` char(1) DEFAULT '0' COMMENT '删除标志（0代表存在 2代表删除）',
  `create_by` varchar(64) DEFAULT '' COMMENT '创建者',
  `create_time` datetime DEFAULT NULL COMMENT '创建时间',
  `update_by` varchar(64) DEFAULT '' COMMENT '更新者',
  `update_time` datetime DEFAULT NULL COMMENT '更新时间',
  PRIMARY KEY (`dept_id`)
) ENGINE=InnoDB AUTO_INCREMENT=200 DEFAULT CHARSET=utf8mb4 COLLATE=utf8mb4_0900_ai_ci COMMENT='部门表';
/*!40101 SET character_set_client = @saved_cs_client */;

--
-- Dumping data for table `sys_dept`
--

LOCK TABLES `sys_dept` WRITE;
/*!40000 ALTER TABLE `sys_dept` DISABLE KEYS */;
INSERT INTO `sys_dept` VALUES (100,0,'0','若依科技',0,'若依','15888888888','ry@qq.com','0','0','admin','2024-11-13 20:55:01','',NULL),(101,100,'0,100','合肥政务区总公司',1,'若依','15888888888','ry@qq.com','0','0','admin','2024-11-13 20:55:01','',NULL),(102,100,'0,100','合肥新站区分公司',2,'若依','15888888888','ry@qq.com','0','0','admin','2024-11-13 20:55:01','',NULL),(103,101,'0,100,101','研发部门',1,'若依','15888888888','ry@qq.com','0','0','admin','2024-11-13 20:55:01','',NULL),(104,101,'0,100,101','市场部门',2,'若依','15888888888','ry@qq.com','0','0','admin','2024-11-13 20:55:01','',NULL),(105,101,'0,100,101','测试部门',3,'若依','15888888888','ry@qq.com','0','0','admin','2024-11-13 20:55:01','',NULL),(106,101,'0,100,101','财务部门',4,'若依','15888888888','ry@qq.com','0','0','admin','2024-11-13 20:55:01','',NULL),(107,101,'0,100,101','运维部门',5,'若依','15888888888','ry@qq.com','0','0','admin','2024-11-13 20:55:01','',NULL),(108,102,'0,100,102','市场部门',1,'若依','15888888888','ry@qq.com','0','0','admin','2024-11-13 20:55:01','',NULL),(109,102,'0,100,102','财务部门',2,'若依','15888888888','ry@qq.com','0','0','admin','2024-11-13 20:55:01','',NULL);
/*!40000 ALTER TABLE `sys_dept` ENABLE KEYS */;
UNLOCK TABLES;

--
-- Table structure for table `sys_dict_data`
--

DROP TABLE IF EXISTS `sys_dict_data`;
/*!40101 SET @saved_cs_client     = @@character_set_client */;
/*!50503 SET character_set_client = utf8mb4 */;
CREATE TABLE `sys_dict_data` (
  `dict_code` bigint NOT NULL AUTO_INCREMENT COMMENT '字典编码',
  `dict_sort` int DEFAULT '0' COMMENT '字典排序',
  `dict_label` varchar(100) DEFAULT '' COMMENT '字典标签',
  `dict_value` varchar(100) DEFAULT '' COMMENT '字典键值',
  `dict_type` varchar(100) DEFAULT '' COMMENT '字典类型',
  `css_class` varchar(100) DEFAULT NULL COMMENT '样式属性（其他样式扩展）',
  `list_class` varchar(100) DEFAULT NULL COMMENT '表格回显样式',
  `is_default` char(1) DEFAULT 'N' COMMENT '是否默认（Y是 N否）',
  `status` char(1) DEFAULT '0' COMMENT '状态（0正常 1停用）',
  `create_by` varchar(64) DEFAULT '' COMMENT '创建者',
  `create_time` datetime DEFAULT NULL COMMENT '创建时间',
  `update_by` varchar(64) DEFAULT '' COMMENT '更新者',
  `update_time` datetime DEFAULT NULL COMMENT '更新时间',
  `remark` varchar(500) DEFAULT NULL COMMENT '备注',
  PRIMARY KEY (`dict_code`)
) ENGINE=InnoDB AUTO_INCREMENT=112 DEFAULT CHARSET=utf8mb4 COLLATE=utf8mb4_0900_ai_ci COMMENT='字典数据表';
/*!40101 SET character_set_client = @saved_cs_client */;

--
-- Dumping data for table `sys_dict_data`
--

LOCK TABLES `sys_dict_data` WRITE;
/*!40000 ALTER TABLE `sys_dict_data` DISABLE KEYS */;
INSERT INTO `sys_dict_data` VALUES (1,1,'男','0','sys_user_sex','','','Y','0','admin','2024-11-13 20:55:02','',NULL,'性别男'),(2,2,'女','1','sys_user_sex','','','N','0','admin','2024-11-13 20:55:02','',NULL,'性别女'),(3,3,'未知','2','sys_user_sex','','','N','0','admin','2024-11-13 20:55:02','',NULL,'性别未知'),(4,1,'显示','0','sys_show_hide','','primary','Y','0','admin','2024-11-13 20:55:02','',NULL,'显示菜单'),(5,2,'隐藏','1','sys_show_hide','','danger','N','0','admin','2024-11-13 20:55:02','',NULL,'隐藏菜单'),(6,1,'正常','0','sys_normal_disable','','primary','Y','0','admin','2024-11-13 20:55:02','',NULL,'正常状态'),(7,2,'停用','1','sys_normal_disable','','danger','N','0','admin','2024-11-13 20:55:02','',NULL,'停用状态'),(8,1,'正常','0','sys_job_status','','primary','Y','0','admin','2024-11-13 20:55:02','',NULL,'正常状态'),(9,2,'暂停','1','sys_job_status','','danger','N','0','admin','2024-11-13 20:55:02','',NULL,'停用状态'),(10,1,'默认','DEFAULT','sys_job_group','','','Y','0','admin','2024-11-13 20:55:02','',NULL,'默认分组'),(11,2,'系统','SYSTEM','sys_job_group','','','N','0','admin','2024-11-13 20:55:02','',NULL,'系统分组'),(12,1,'是','Y','sys_yes_no','','primary','Y','0','admin','2024-11-13 20:55:02','',NULL,'系统默认是'),(13,2,'否','N','sys_yes_no','','danger','N','0','admin','2024-11-13 20:55:02','',NULL,'系统默认否'),(14,1,'通知','1','sys_notice_type','','warning','Y','0','admin','2024-11-13 20:55:02','',NULL,'通知'),(15,2,'公告','2','sys_notice_type','','success','N','0','admin','2024-11-13 20:55:02','',NULL,'公告'),(16,1,'正常','0','sys_notice_status','','primary','Y','0','admin','2024-11-13 20:55:02','',NULL,'正常状态'),(17,2,'关闭','1','sys_notice_status','','danger','N','0','admin','2024-11-13 20:55:02','',NULL,'关闭状态'),(18,99,'其他','0','sys_oper_type','','info','N','0','admin','2024-11-13 20:55:02','',NULL,'其他操作'),(19,1,'新增','1','sys_oper_type','','info','N','0','admin','2024-11-13 20:55:02','',NULL,'新增操作'),(20,2,'修改','2','sys_oper_type','','info','N','0','admin','2024-11-13 20:55:02','',NULL,'修改操作'),(21,3,'删除','3','sys_oper_type','','danger','N','0','admin','2024-11-13 20:55:02','',NULL,'删除操作'),(22,4,'授权','4','sys_oper_type','','primary','N','0','admin','2024-11-13 20:55:02','',NULL,'授权操作'),(23,5,'导出','5','sys_oper_type','','warning','N','0','admin','2024-11-13 20:55:02','',NULL,'导出操作'),(24,6,'导入','6','sys_oper_type','','warning','N','0','admin','2024-11-13 20:55:02','',NULL,'导入操作'),(25,7,'强退','7','sys_oper_type','','danger','N','0','admin','2024-11-13 20:55:02','',NULL,'强退操作'),(26,8,'生成代码','8','sys_oper_type','','warning','N','0','admin','2024-11-13 20:55:02','',NULL,'生成操作'),(27,9,'清空数据','9','sys_oper_type','','danger','N','0','admin','2024-11-13 20:55:02','',NULL,'清空操作'),(28,1,'成功','0','sys_common_status','','primary','N','0','admin','2024-11-13 20:55:02','',NULL,'正常状态'),(29,2,'失败','1','sys_common_status','','danger','N','0','admin','2024-11-13 20:55:02','',NULL,'停用状态'),(100,1,'神亚集团','0','supplier',NULL,'default','N','0','admin','2025-02-05 20:09:37','',NULL,'神亚集团'),(101,2,'三联集团','1','supplier',NULL,'default','N','0','admin','2025-02-05 20:09:53','admin','2025-02-05 20:09:58','三联集团'),(102,3,'西蒙斯集团','2','supplier',NULL,'default','N','0','admin','2025-02-05 20:11:30','',NULL,'西蒙斯'),(103,1,'正常','0','vem_status',NULL,'default','N','0','admin','2025-02-05 20:32:09','',NULL,NULL),(104,2,'异常','1','vem_status',NULL,'default','N','0','admin','2025-02-05 20:32:24','',NULL,NULL),(105,3,'报修中','2','vem_status',NULL,'default','N','0','admin','2025-02-05 20:32:38','',NULL,NULL),(106,4,'停用','3','vem_status',NULL,'default','N','0','admin','2025-02-05 20:32:54','',NULL,NULL),(107,1,'售罄','0','sell_out',NULL,'default','N','0','admin','2025-02-15 17:10:07','',NULL,NULL),(108,2,'未售罄','1','sell_out',NULL,'default','N','0','admin','2025-02-15 17:10:36','admin','2025-02-15 17:10:41',NULL),(109,1,'已完成维修','0','sys_repair_compelete',NULL,'default','N','0','admin','2025-02-18 21:10:08','',NULL,NULL),(110,2,'维修中','1','sys_repair_compelete',NULL,'default','N','0','admin','2025-02-18 21:10:19','',NULL,NULL),(111,3,'维修失败','2','sys_repair_compelete',NULL,'default','N','0','admin','2025-03-12 21:06:00','',NULL,NULL);
/*!40000 ALTER TABLE `sys_dict_data` ENABLE KEYS */;
UNLOCK TABLES;

--
-- Table structure for table `sys_dict_type`
--

DROP TABLE IF EXISTS `sys_dict_type`;
/*!40101 SET @saved_cs_client     = @@character_set_client */;
/*!50503 SET character_set_client = utf8mb4 */;
CREATE TABLE `sys_dict_type` (
  `dict_id` bigint NOT NULL AUTO_INCREMENT COMMENT '字典主键',
  `dict_name` varchar(100) DEFAULT '' COMMENT '字典名称',
  `dict_type` varchar(100) DEFAULT '' COMMENT '字典类型',
  `status` char(1) DEFAULT '0' COMMENT '状态（0正常 1停用）',
  `create_by` varchar(64) DEFAULT '' COMMENT '创建者',
  `create_time` datetime DEFAULT NULL COMMENT '创建时间',
  `update_by` varchar(64) DEFAULT '' COMMENT '更新者',
  `update_time` datetime DEFAULT NULL COMMENT '更新时间',
  `remark` varchar(500) DEFAULT NULL COMMENT '备注',
  PRIMARY KEY (`dict_id`),
  UNIQUE KEY `dict_type` (`dict_type`)
) ENGINE=InnoDB AUTO_INCREMENT=104 DEFAULT CHARSET=utf8mb4 COLLATE=utf8mb4_0900_ai_ci COMMENT='字典类型表';
/*!40101 SET character_set_client = @saved_cs_client */;

--
-- Dumping data for table `sys_dict_type`
--

LOCK TABLES `sys_dict_type` WRITE;
/*!40000 ALTER TABLE `sys_dict_type` DISABLE KEYS */;
INSERT INTO `sys_dict_type` VALUES (1,'用户性别','sys_user_sex','0','admin','2024-11-13 20:55:02','',NULL,'用户性别列表'),(2,'菜单状态','sys_show_hide','0','admin','2024-11-13 20:55:02','',NULL,'菜单状态列表'),(3,'系统开关','sys_normal_disable','0','admin','2024-11-13 20:55:02','',NULL,'系统开关列表'),(4,'任务状态','sys_job_status','0','admin','2024-11-13 20:55:02','',NULL,'任务状态列表'),(5,'任务分组','sys_job_group','0','admin','2024-11-13 20:55:02','',NULL,'任务分组列表'),(6,'系统是否','sys_yes_no','0','admin','2024-11-13 20:55:02','',NULL,'系统是否列表'),(7,'通知类型','sys_notice_type','0','admin','2024-11-13 20:55:02','',NULL,'通知类型列表'),(8,'通知状态','sys_notice_status','0','admin','2024-11-13 20:55:02','',NULL,'通知状态列表'),(9,'操作类型','sys_oper_type','0','admin','2024-11-13 20:55:02','',NULL,'操作类型列表'),(10,'系统状态','sys_common_status','0','admin','2024-11-13 20:55:02','',NULL,'登录状态列表'),(100,'售货机货物供应商','supplier','0','admin','2025-02-05 20:08:36','',NULL,'售货机货物供应商'),(101,'售货机状态','vem_status','0','admin','2025-02-05 20:31:31','',NULL,NULL),(102,'是否售罄','sell_out','0','admin','2025-02-15 17:09:17','',NULL,'表示商品是否售罄'),(103,'是否维修完成','sys_repair_compelete','0','admin','2025-02-18 21:08:56','',NULL,'标志售货机维修是否完成');
/*!40000 ALTER TABLE `sys_dict_type` ENABLE KEYS */;
UNLOCK TABLES;

--
-- Table structure for table `sys_job`
--

DROP TABLE IF EXISTS `sys_job`;
/*!40101 SET @saved_cs_client     = @@character_set_client */;
/*!50503 SET character_set_client = utf8mb4 */;
CREATE TABLE `sys_job` (
  `job_id` bigint NOT NULL AUTO_INCREMENT COMMENT '任务ID',
  `job_name` varchar(64) NOT NULL DEFAULT '' COMMENT '任务名称',
  `job_group` varchar(64) NOT NULL DEFAULT 'DEFAULT' COMMENT '任务组名',
  `invoke_target` varchar(500) NOT NULL COMMENT '调用目标字符串',
  `cron_expression` varchar(255) DEFAULT '' COMMENT 'cron执行表达式',
  `misfire_policy` varchar(20) DEFAULT '3' COMMENT '计划执行错误策略（1立即执行 2执行一次 3放弃执行）',
  `concurrent` char(1) DEFAULT '1' COMMENT '是否并发执行（0允许 1禁止）',
  `status` char(1) DEFAULT '0' COMMENT '状态（0正常 1暂停）',
  `create_by` varchar(64) DEFAULT '' COMMENT '创建者',
  `create_time` datetime DEFAULT NULL COMMENT '创建时间',
  `update_by` varchar(64) DEFAULT '' COMMENT '更新者',
  `update_time` datetime DEFAULT NULL COMMENT '更新时间',
  `remark` varchar(500) DEFAULT '' COMMENT '备注信息',
  PRIMARY KEY (`job_id`,`job_name`,`job_group`)
) ENGINE=InnoDB AUTO_INCREMENT=100 DEFAULT CHARSET=utf8mb4 COLLATE=utf8mb4_0900_ai_ci COMMENT='定时任务调度表';
/*!40101 SET character_set_client = @saved_cs_client */;

--
-- Dumping data for table `sys_job`
--

LOCK TABLES `sys_job` WRITE;
/*!40000 ALTER TABLE `sys_job` DISABLE KEYS */;
INSERT INTO `sys_job` VALUES (1,'系统默认（无参）','DEFAULT','ryTask.ryNoParams','0/10 * * * * ?','3','1','1','admin','2024-11-13 20:55:02','',NULL,''),(2,'系统默认（有参）','DEFAULT','ryTask.ryParams(\'ry\')','0/15 * * * * ?','3','1','1','admin','2024-11-13 20:55:02','',NULL,''),(3,'系统默认（多参）','DEFAULT','ryTask.ryMultipleParams(\'ry\', true, 2000L, 316.50D, 100)','0/20 * * * * ?','3','1','1','admin','2024-11-13 20:55:02','',NULL,'');
/*!40000 ALTER TABLE `sys_job` ENABLE KEYS */;
UNLOCK TABLES;

--
-- Table structure for table `sys_job_log`
--

DROP TABLE IF EXISTS `sys_job_log`;
/*!40101 SET @saved_cs_client     = @@character_set_client */;
/*!50503 SET character_set_client = utf8mb4 */;
CREATE TABLE `sys_job_log` (
  `job_log_id` bigint NOT NULL AUTO_INCREMENT COMMENT '任务日志ID',
  `job_name` varchar(64) NOT NULL COMMENT '任务名称',
  `job_group` varchar(64) NOT NULL COMMENT '任务组名',
  `invoke_target` varchar(500) NOT NULL COMMENT '调用目标字符串',
  `job_message` varchar(500) DEFAULT NULL COMMENT '日志信息',
  `status` char(1) DEFAULT '0' COMMENT '执行状态（0正常 1失败）',
  `exception_info` varchar(2000) DEFAULT '' COMMENT '异常信息',
  `create_time` datetime DEFAULT NULL COMMENT '创建时间',
  PRIMARY KEY (`job_log_id`)
) ENGINE=InnoDB DEFAULT CHARSET=utf8mb4 COLLATE=utf8mb4_0900_ai_ci COMMENT='定时任务调度日志表';
/*!40101 SET character_set_client = @saved_cs_client */;

--
-- Dumping data for table `sys_job_log`
--

LOCK TABLES `sys_job_log` WRITE;
/*!40000 ALTER TABLE `sys_job_log` DISABLE KEYS */;
/*!40000 ALTER TABLE `sys_job_log` ENABLE KEYS */;
UNLOCK TABLES;

--
-- Table structure for table `sys_logininfor`
--

DROP TABLE IF EXISTS `sys_logininfor`;
/*!40101 SET @saved_cs_client     = @@character_set_client */;
/*!50503 SET character_set_client = utf8mb4 */;
CREATE TABLE `sys_logininfor` (
  `info_id` bigint NOT NULL AUTO_INCREMENT COMMENT '访问ID',
  `user_name` varchar(50) DEFAULT '' COMMENT '用户账号',
  `ipaddr` varchar(128) DEFAULT '' COMMENT '登录IP地址',
  `login_location` varchar(255) DEFAULT '' COMMENT '登录地点',
  `browser` varchar(50) DEFAULT '' COMMENT '浏览器类型',
  `os` varchar(50) DEFAULT '' COMMENT '操作系统',
  `status` char(1) DEFAULT '0' COMMENT '登录状态（0成功 1失败）',
  `msg` varchar(255) DEFAULT '' COMMENT '提示消息',
  `login_time` datetime DEFAULT NULL COMMENT '访问时间',
  PRIMARY KEY (`info_id`),
  KEY `idx_sys_logininfor_s` (`status`),
  KEY `idx_sys_logininfor_lt` (`login_time`)
) ENGINE=InnoDB AUTO_INCREMENT=168 DEFAULT CHARSET=utf8mb4 COLLATE=utf8mb4_0900_ai_ci COMMENT='系统访问记录';
/*!40101 SET character_set_client = @saved_cs_client */;

--
-- Dumping data for table `sys_logininfor`
--

LOCK TABLES `sys_logininfor` WRITE;
/*!40000 ALTER TABLE `sys_logininfor` DISABLE KEYS */;
INSERT INTO `sys_logininfor` VALUES (100,'admin','127.0.0.1','内网IP','Chrome 13','Windows 10','0','登录成功','2024-11-13 21:29:44'),(101,'admin','127.0.0.1','内网IP','Chrome 13','Windows 10','0','登录成功','2024-11-19 21:25:01'),(102,'admin','127.0.0.1','内网IP','Chrome 13','Windows 10','1','验证码错误','2024-11-20 20:03:20'),(103,'admin','127.0.0.1','内网IP','Chrome 13','Windows 10','1','验证码错误','2024-11-20 20:03:28'),(104,'admin','127.0.0.1','内网IP','Chrome 13','Windows 10','0','登录成功','2024-11-20 20:03:33'),(105,'admin','127.0.0.1','内网IP','Chrome 13','Windows 10','1','验证码错误','2024-11-20 21:02:24'),(106,'admin','127.0.0.1','内网IP','Chrome 13','Windows 10','0','登录成功','2024-11-20 21:02:30'),(107,'admin','127.0.0.1','内网IP','Chrome 13','Windows 10','0','登录成功','2025-02-05 19:02:28'),(108,'admin','127.0.0.1','内网IP','Chrome 13','Windows 10','0','登录成功','2025-02-05 19:51:49'),(109,'admin','127.0.0.1','内网IP','Chrome 13','Windows 10','0','登录成功','2025-02-05 21:34:18'),(110,'admin','127.0.0.1','内网IP','Chrome 13','Windows 10','0','退出成功','2025-02-05 21:34:55'),(111,'admin','127.0.0.1','内网IP','Chrome 13','Windows 10','0','登录成功','2025-02-05 21:34:58'),(112,'admin','127.0.0.1','内网IP','Chrome 13','Windows 10','0','登录成功','2025-02-06 19:39:52'),(113,'admin','127.0.0.1','内网IP','Chrome 13','Windows 10','0','登录成功','2025-02-06 21:30:07'),(114,'admin','127.0.0.1','内网IP','Chrome 13','Windows 10','0','登录成功','2025-02-10 18:27:18'),(115,'admin','127.0.0.1','内网IP','Chrome 13','Windows 10','0','登录成功','2025-02-10 19:27:04'),(116,'admin','127.0.0.1','内网IP','Chrome 13','Windows 10','0','登录成功','2025-02-11 19:37:41'),(117,'admin','127.0.0.1','内网IP','Chrome 13','Windows 10','0','登录成功','2025-02-11 22:19:15'),(118,'admin','127.0.0.1','内网IP','Chrome 13','Windows 10','0','登录成功','2025-02-12 19:08:27'),(119,'admin','127.0.0.1','内网IP','Chrome 13','Windows 10','0','登录成功','2025-02-12 20:39:48'),(120,'admin','127.0.0.1','内网IP','Chrome 13','Windows 10','0','退出成功','2025-02-12 21:07:01'),(121,'admin','127.0.0.1','内网IP','Chrome 13','Windows 10','0','登录成功','2025-02-12 21:07:18'),(122,'admin','127.0.0.1','内网IP','Chrome 13','Windows 10','0','登录成功','2025-02-15 16:51:50'),(123,'admin','127.0.0.1','内网IP','Chrome 13','Windows 10','0','登录成功','2025-02-15 19:07:46'),(124,'admin','127.0.0.1','内网IP','Chrome 13','Windows 10','0','登录成功','2025-02-15 19:40:58'),(125,'admin','127.0.0.1','内网IP','Chrome 13','Windows 10','0','登录成功','2025-02-16 12:15:13'),(126,'admin','127.0.0.1','内网IP','Chrome 13','Windows 10','0','登录成功','2025-02-16 17:25:50'),(127,'admin','127.0.0.1','内网IP','Chrome 13','Windows 10','0','登录成功','2025-02-17 20:23:52'),(128,'admin','127.0.0.1','内网IP','Chrome 13','Windows 10','0','登录成功','2025-02-17 21:01:26'),(129,'admin','127.0.0.1','内网IP','Chrome 13','Windows 10','0','登录成功','2025-02-18 20:12:52'),(130,'admin','127.0.0.1','内网IP','Chrome 13','Windows 10','0','登录成功','2025-02-19 19:45:31'),(131,'admin','127.0.0.1','内网IP','Chrome 13','Windows 10','0','登录成功','2025-02-19 21:24:58'),(132,'admin','127.0.0.1','内网IP','Chrome 13','Windows 10','0','登录成功','2025-02-26 19:57:49'),(133,'admin','127.0.0.1','内网IP','Chrome 13','Windows 10','0','登录成功','2025-02-26 20:49:37'),(134,'admin','127.0.0.1','内网IP','Chrome 13','Windows 10','0','登录成功','2025-02-26 21:04:39'),(135,'admin','127.0.0.1','内网IP','Chrome 13','Windows 10','0','登录成功','2025-03-09 16:56:53'),(136,'admin','127.0.0.1','内网IP','Chrome 13','Windows 10','0','登录成功','2025-03-10 20:30:39'),(137,'admin','127.0.0.1','内网IP','Chrome 13','Windows 10','0','登录成功','2025-03-11 21:10:32'),(138,'admin','127.0.0.1','内网IP','Chrome 13','Windows 10','0','登录成功','2025-03-12 20:27:05'),(139,'admin','127.0.0.1','内网IP','Chrome 13','Windows 10','0','登录成功','2025-03-12 21:38:51'),(140,'admin','127.0.0.1','内网IP','Chrome 13','Windows 10','0','登录成功','2025-03-18 13:07:31'),(141,'admin','127.0.0.1','内网IP','Chrome 13','Windows 10','0','登录成功','2025-03-18 20:10:48'),(142,'admin','127.0.0.1','内网IP','Chrome 13','Windows 10','0','登录成功','2025-03-19 19:43:44'),(143,'admin','127.0.0.1','内网IP','Chrome 13','Windows 10','0','登录成功','2025-03-20 19:11:36'),(144,'admin','127.0.0.1','内网IP','Chrome 13','Windows 10','1','用户不存在/密码错误','2025-03-20 20:52:58'),(145,'admin','127.0.0.1','内网IP','Chrome 13','Windows 10','1','验证码已失效','2025-03-20 20:57:57'),(146,'admin','127.0.0.1','内网IP','Chrome 13','Windows 10','1','验证码已失效','2025-03-20 21:00:06'),(147,'admin','127.0.0.1','内网IP','Chrome 13','Windows 10','1','验证码错误','2025-03-20 21:00:08'),(148,'admin','127.0.0.1','内网IP','Chrome 13','Windows 10','0','登录成功','2025-03-20 21:00:34'),(149,'admin','127.0.0.1','内网IP','Chrome 13','Windows 10','0','登录成功','2025-03-22 17:15:05'),(150,'admin','127.0.0.1','内网IP','Chrome 13','Windows 10','0','登录成功','2025-03-22 18:13:11'),(151,'admin','127.0.0.1','内网IP','Chrome 13','Windows 10','0','登录成功','2025-03-24 20:59:09'),(152,'admin','127.0.0.1','内网IP','Chrome 13','Windows 10','0','登录成功','2025-03-25 21:19:36'),(153,'admin','127.0.0.1','内网IP','Chrome 13','Windows 10','0','登录成功','2025-03-25 21:56:10'),(154,'admin','127.0.0.1','内网IP','Chrome 13','Windows 10','0','退出成功','2025-03-25 22:38:39'),(155,'test','127.0.0.1','内网IP','Chrome 13','Windows 10','0','登录成功','2025-03-25 22:39:49'),(156,'test','127.0.0.1','内网IP','Chrome 13','Windows 10','0','退出成功','2025-03-25 22:39:58'),(157,'admin','127.0.0.1','内网IP','Chrome 13','Windows 10','0','登录成功','2025-03-25 22:40:04'),(158,'admin','127.0.0.1','内网IP','Chrome 13','Windows 10','0','退出成功','2025-03-25 22:41:34'),(159,'test','127.0.0.1','内网IP','Chrome 13','Windows 10','0','登录成功','2025-03-25 22:41:37'),(160,'test','127.0.0.1','内网IP','Chrome 13','Windows 10','0','退出成功','2025-03-25 22:43:35'),(161,'admin','127.0.0.1','内网IP','Chrome 13','Windows 10','0','登录成功','2025-03-25 22:43:38'),(162,'admin','127.0.0.1','内网IP','Chrome 13','Windows 10','0','登录成功','2025-03-26 19:10:06'),(163,'admin','127.0.0.1','内网IP','Chrome 13','Windows 10','0','登录成功','2025-03-26 20:20:31'),(164,'admin','127.0.0.1','内网IP','Chrome 13','Windows 10','0','登录成功','2025-03-26 21:07:42'),(165,'admin','127.0.0.1','内网IP','Chrome 13','Windows 10','0','登录成功','2025-03-26 21:13:01'),(166,'admin','127.0.0.1','内网IP','Chrome 13','Windows 10','0','登录成功','2025-04-09 20:00:14'),(167,'admin','127.0.0.1','内网IP','Chrome 13','Windows 10','0','登录成功','2025-04-15 19:30:45');
/*!40000 ALTER TABLE `sys_logininfor` ENABLE KEYS */;
UNLOCK TABLES;

--
-- Table structure for table `sys_menu`
--

DROP TABLE IF EXISTS `sys_menu`;
/*!40101 SET @saved_cs_client     = @@character_set_client */;
/*!50503 SET character_set_client = utf8mb4 */;
CREATE TABLE `sys_menu` (
  `menu_id` bigint NOT NULL AUTO_INCREMENT COMMENT '菜单ID',
  `menu_name` varchar(50) NOT NULL COMMENT '菜单名称',
  `parent_id` bigint DEFAULT '0' COMMENT '父菜单ID',
  `order_num` int DEFAULT '0' COMMENT '显示顺序',
  `path` varchar(200) DEFAULT '' COMMENT '路由地址',
  `component` varchar(255) DEFAULT NULL COMMENT '组件路径',
  `query` varchar(255) DEFAULT NULL COMMENT '路由参数',
  `route_name` varchar(50) DEFAULT '' COMMENT '路由名称',
  `is_frame` int DEFAULT '1' COMMENT '是否为外链（0是 1否）',
  `is_cache` int DEFAULT '0' COMMENT '是否缓存（0缓存 1不缓存）',
  `menu_type` char(1) DEFAULT '' COMMENT '菜单类型（M目录 C菜单 F按钮）',
  `visible` char(1) DEFAULT '0' COMMENT '菜单状态（0显示 1隐藏）',
  `status` char(1) DEFAULT '0' COMMENT '菜单状态（0正常 1停用）',
  `perms` varchar(100) DEFAULT NULL COMMENT '权限标识',
  `icon` varchar(100) DEFAULT '#' COMMENT '菜单图标',
  `create_by` varchar(64) DEFAULT '' COMMENT '创建者',
  `create_time` datetime DEFAULT NULL COMMENT '创建时间',
  `update_by` varchar(64) DEFAULT '' COMMENT '更新者',
  `update_time` datetime DEFAULT NULL COMMENT '更新时间',
  `remark` varchar(500) DEFAULT '' COMMENT '备注',
  PRIMARY KEY (`menu_id`)
) ENGINE=InnoDB AUTO_INCREMENT=2129 DEFAULT CHARSET=utf8mb4 COLLATE=utf8mb4_0900_ai_ci COMMENT='菜单权限表';
/*!40101 SET character_set_client = @saved_cs_client */;

--
-- Dumping data for table `sys_menu`
--

LOCK TABLES `sys_menu` WRITE;
/*!40000 ALTER TABLE `sys_menu` DISABLE KEYS */;
INSERT INTO `sys_menu` VALUES (1,'系统管理',0,1,'system',NULL,'','',1,0,'M','0','0','','system','admin','2024-11-13 20:55:01','',NULL,'系统管理目录'),(2,'系统监控',0,2,'monitor',NULL,'','',1,0,'M','0','0','','monitor','admin','2024-11-13 20:55:01','',NULL,'系统监控目录'),(3,'系统工具',0,3,'tool',NULL,'','',1,0,'M','0','0','','tool','admin','2024-11-13 20:55:01','',NULL,'系统工具目录'),(100,'用户管理',1,1,'user','system/user/index','','',1,0,'C','0','0','system:user:list','user','admin','2024-11-13 20:55:01','',NULL,'用户管理菜单'),(101,'角色管理',1,2,'role','system/role/index','','',1,0,'C','0','0','system:role:list','peoples','admin','2024-11-13 20:55:01','',NULL,'角色管理菜单'),(102,'菜单管理',1,3,'menu','system/menu/index','','',1,0,'C','0','0','system:menu:list','tree-table','admin','2024-11-13 20:55:01','',NULL,'菜单管理菜单'),(103,'部门管理',1,4,'dept','system/dept/index','','',1,0,'C','0','0','system:dept:list','tree','admin','2024-11-13 20:55:01','',NULL,'部门管理菜单'),(104,'岗位管理',1,5,'post','system/post/index','','',1,0,'C','0','0','system:post:list','post','admin','2024-11-13 20:55:01','',NULL,'岗位管理菜单'),(105,'字典管理',1,6,'dict','system/dict/index','','',1,0,'C','0','0','system:dict:list','dict','admin','2024-11-13 20:55:01','',NULL,'字典管理菜单'),(106,'参数设置',1,7,'config','system/config/index','','',1,0,'C','0','0','system:config:list','edit','admin','2024-11-13 20:55:01','',NULL,'参数设置菜单'),(107,'通知公告',1,8,'notice','system/notice/index','','',1,0,'C','0','0','system:notice:list','message','admin','2024-11-13 20:55:01','',NULL,'通知公告菜单'),(108,'日志管理',1,9,'log','','','',1,0,'M','0','0','','log','admin','2024-11-13 20:55:01','',NULL,'日志管理菜单'),(109,'在线用户',2,1,'online','monitor/online/index','','',1,0,'C','0','0','monitor:online:list','online','admin','2024-11-13 20:55:01','',NULL,'在线用户菜单'),(110,'定时任务',2,2,'job','monitor/job/index','','',1,0,'C','0','0','monitor:job:list','job','admin','2024-11-13 20:55:01','',NULL,'定时任务菜单'),(111,'数据监控',2,3,'druid','monitor/druid/index','','',1,0,'C','0','0','monitor:druid:list','druid','admin','2024-11-13 20:55:01','',NULL,'数据监控菜单'),(112,'服务监控',2,4,'server','monitor/server/index','','',1,0,'C','0','0','monitor:server:list','server','admin','2024-11-13 20:55:01','',NULL,'服务监控菜单'),(113,'缓存监控',2,5,'cache','monitor/cache/index','','',1,0,'C','0','0','monitor:cache:list','redis','admin','2024-11-13 20:55:01','',NULL,'缓存监控菜单'),(114,'缓存列表',2,6,'cacheList','monitor/cache/list','','',1,0,'C','0','0','monitor:cache:list','redis-list','admin','2024-11-13 20:55:01','',NULL,'缓存列表菜单'),(115,'表单构建',3,1,'build','tool/build/index','','',1,0,'C','0','0','tool:build:list','build','admin','2024-11-13 20:55:01','',NULL,'表单构建菜单'),(116,'代码生成',3,2,'gen','tool/gen/index','','',1,0,'C','0','0','tool:gen:list','code','admin','2024-11-13 20:55:01','',NULL,'代码生成菜单'),(117,'系统接口',3,3,'swagger','tool/swagger/index','','',1,0,'C','0','0','tool:swagger:list','swagger','admin','2024-11-13 20:55:01','',NULL,'系统接口菜单'),(500,'操作日志',108,1,'operlog','monitor/operlog/index','','',1,0,'C','0','0','monitor:operlog:list','form','admin','2024-11-13 20:55:01','',NULL,'操作日志菜单'),(501,'登录日志',108,2,'logininfor','monitor/logininfor/index','','',1,0,'C','0','0','monitor:logininfor:list','logininfor','admin','2024-11-13 20:55:01','',NULL,'登录日志菜单'),(1000,'用户查询',100,1,'','','','',1,0,'F','0','0','system:user:query','#','admin','2024-11-13 20:55:01','',NULL,''),(1001,'用户新增',100,2,'','','','',1,0,'F','0','0','system:user:add','#','admin','2024-11-13 20:55:01','',NULL,''),(1002,'用户修改',100,3,'','','','',1,0,'F','0','0','system:user:edit','#','admin','2024-11-13 20:55:01','',NULL,''),(1003,'用户删除',100,4,'','','','',1,0,'F','0','0','system:user:remove','#','admin','2024-11-13 20:55:01','',NULL,''),(1004,'用户导出',100,5,'','','','',1,0,'F','0','0','system:user:export','#','admin','2024-11-13 20:55:01','',NULL,''),(1005,'用户导入',100,6,'','','','',1,0,'F','0','0','system:user:import','#','admin','2024-11-13 20:55:01','',NULL,''),(1006,'重置密码',100,7,'','','','',1,0,'F','0','0','system:user:resetPwd','#','admin','2024-11-13 20:55:01','',NULL,''),(1007,'角色查询',101,1,'','','','',1,0,'F','0','0','system:role:query','#','admin','2024-11-13 20:55:01','',NULL,''),(1008,'角色新增',101,2,'','','','',1,0,'F','0','0','system:role:add','#','admin','2024-11-13 20:55:01','',NULL,''),(1009,'角色修改',101,3,'','','','',1,0,'F','0','0','system:role:edit','#','admin','2024-11-13 20:55:01','',NULL,''),(1010,'角色删除',101,4,'','','','',1,0,'F','0','0','system:role:remove','#','admin','2024-11-13 20:55:01','',NULL,''),(1011,'角色导出',101,5,'','','','',1,0,'F','0','0','system:role:export','#','admin','2024-11-13 20:55:01','',NULL,''),(1012,'菜单查询',102,1,'','','','',1,0,'F','0','0','system:menu:query','#','admin','2024-11-13 20:55:01','',NULL,''),(1013,'菜单新增',102,2,'','','','',1,0,'F','0','0','system:menu:add','#','admin','2024-11-13 20:55:01','',NULL,''),(1014,'菜单修改',102,3,'','','','',1,0,'F','0','0','system:menu:edit','#','admin','2024-11-13 20:55:01','',NULL,''),(1015,'菜单删除',102,4,'','','','',1,0,'F','0','0','system:menu:remove','#','admin','2024-11-13 20:55:01','',NULL,''),(1016,'部门查询',103,1,'','','','',1,0,'F','0','0','system:dept:query','#','admin','2024-11-13 20:55:01','',NULL,''),(1017,'部门新增',103,2,'','','','',1,0,'F','0','0','system:dept:add','#','admin','2024-11-13 20:55:01','',NULL,''),(1018,'部门修改',103,3,'','','','',1,0,'F','0','0','system:dept:edit','#','admin','2024-11-13 20:55:01','',NULL,''),(1019,'部门删除',103,4,'','','','',1,0,'F','0','0','system:dept:remove','#','admin','2024-11-13 20:55:01','',NULL,''),(1020,'岗位查询',104,1,'','','','',1,0,'F','0','0','system:post:query','#','admin','2024-11-13 20:55:01','',NULL,''),(1021,'岗位新增',104,2,'','','','',1,0,'F','0','0','system:post:add','#','admin','2024-11-13 20:55:01','',NULL,''),(1022,'岗位修改',104,3,'','','','',1,0,'F','0','0','system:post:edit','#','admin','2024-11-13 20:55:01','',NULL,''),(1023,'岗位删除',104,4,'','','','',1,0,'F','0','0','system:post:remove','#','admin','2024-11-13 20:55:01','',NULL,''),(1024,'岗位导出',104,5,'','','','',1,0,'F','0','0','system:post:export','#','admin','2024-11-13 20:55:01','',NULL,''),(1025,'字典查询',105,1,'#','','','',1,0,'F','0','0','system:dict:query','#','admin','2024-11-13 20:55:01','',NULL,''),(1026,'字典新增',105,2,'#','','','',1,0,'F','0','0','system:dict:add','#','admin','2024-11-13 20:55:01','',NULL,''),(1027,'字典修改',105,3,'#','','','',1,0,'F','0','0','system:dict:edit','#','admin','2024-11-13 20:55:01','',NULL,''),(1028,'字典删除',105,4,'#','','','',1,0,'F','0','0','system:dict:remove','#','admin','2024-11-13 20:55:01','',NULL,''),(1029,'字典导出',105,5,'#','','','',1,0,'F','0','0','system:dict:export','#','admin','2024-11-13 20:55:01','',NULL,''),(1030,'参数查询',106,1,'#','','','',1,0,'F','0','0','system:config:query','#','admin','2024-11-13 20:55:01','',NULL,''),(1031,'参数新增',106,2,'#','','','',1,0,'F','0','0','system:config:add','#','admin','2024-11-13 20:55:01','',NULL,''),(1032,'参数修改',106,3,'#','','','',1,0,'F','0','0','system:config:edit','#','admin','2024-11-13 20:55:01','',NULL,''),(1033,'参数删除',106,4,'#','','','',1,0,'F','0','0','system:config:remove','#','admin','2024-11-13 20:55:01','',NULL,''),(1034,'参数导出',106,5,'#','','','',1,0,'F','0','0','system:config:export','#','admin','2024-11-13 20:55:01','',NULL,''),(1035,'公告查询',107,1,'#','','','',1,0,'F','0','0','system:notice:query','#','admin','2024-11-13 20:55:01','',NULL,''),(1036,'公告新增',107,2,'#','','','',1,0,'F','0','0','system:notice:add','#','admin','2024-11-13 20:55:01','',NULL,''),(1037,'公告修改',107,3,'#','','','',1,0,'F','0','0','system:notice:edit','#','admin','2024-11-13 20:55:01','',NULL,''),(1038,'公告删除',107,4,'#','','','',1,0,'F','0','0','system:notice:remove','#','admin','2024-11-13 20:55:01','',NULL,''),(1039,'操作查询',500,1,'#','','','',1,0,'F','0','0','monitor:operlog:query','#','admin','2024-11-13 20:55:01','',NULL,''),(1040,'操作删除',500,2,'#','','','',1,0,'F','0','0','monitor:operlog:remove','#','admin','2024-11-13 20:55:01','',NULL,''),(1041,'日志导出',500,3,'#','','','',1,0,'F','0','0','monitor:operlog:export','#','admin','2024-11-13 20:55:01','',NULL,''),(1042,'登录查询',501,1,'#','','','',1,0,'F','0','0','monitor:logininfor:query','#','admin','2024-11-13 20:55:01','',NULL,''),(1043,'登录删除',501,2,'#','','','',1,0,'F','0','0','monitor:logininfor:remove','#','admin','2024-11-13 20:55:01','',NULL,''),(1044,'日志导出',501,3,'#','','','',1,0,'F','0','0','monitor:logininfor:export','#','admin','2024-11-13 20:55:01','',NULL,''),(1045,'账户解锁',501,4,'#','','','',1,0,'F','0','0','monitor:logininfor:unlock','#','admin','2024-11-13 20:55:01','',NULL,''),(1046,'在线查询',109,1,'#','','','',1,0,'F','0','0','monitor:online:query','#','admin','2024-11-13 20:55:01','',NULL,''),(1047,'批量强退',109,2,'#','','','',1,0,'F','0','0','monitor:online:batchLogout','#','admin','2024-11-13 20:55:01','',NULL,''),(1048,'单条强退',109,3,'#','','','',1,0,'F','0','0','monitor:online:forceLogout','#','admin','2024-11-13 20:55:01','',NULL,''),(1049,'任务查询',110,1,'#','','','',1,0,'F','0','0','monitor:job:query','#','admin','2024-11-13 20:55:01','',NULL,''),(1050,'任务新增',110,2,'#','','','',1,0,'F','0','0','monitor:job:add','#','admin','2024-11-13 20:55:01','',NULL,''),(1051,'任务修改',110,3,'#','','','',1,0,'F','0','0','monitor:job:edit','#','admin','2024-11-13 20:55:01','',NULL,''),(1052,'任务删除',110,4,'#','','','',1,0,'F','0','0','monitor:job:remove','#','admin','2024-11-13 20:55:01','',NULL,''),(1053,'状态修改',110,5,'#','','','',1,0,'F','0','0','monitor:job:changeStatus','#','admin','2024-11-13 20:55:01','',NULL,''),(1054,'任务导出',110,6,'#','','','',1,0,'F','0','0','monitor:job:export','#','admin','2024-11-13 20:55:01','',NULL,''),(1055,'生成查询',116,1,'#','','','',1,0,'F','0','0','tool:gen:query','#','admin','2024-11-13 20:55:01','',NULL,''),(1056,'生成修改',116,2,'#','','','',1,0,'F','0','0','tool:gen:edit','#','admin','2024-11-13 20:55:01','',NULL,''),(1057,'生成删除',116,3,'#','','','',1,0,'F','0','0','tool:gen:remove','#','admin','2024-11-13 20:55:01','',NULL,''),(1058,'导入代码',116,4,'#','','','',1,0,'F','0','0','tool:gen:import','#','admin','2024-11-13 20:55:01','',NULL,''),(1059,'预览代码',116,5,'#','','','',1,0,'F','0','0','tool:gen:preview','#','admin','2024-11-13 20:55:01','',NULL,''),(1060,'生成代码',116,6,'#','','','',1,0,'F','0','0','tool:gen:code','#','admin','2024-11-13 20:55:01','',NULL,''),(2008,'售货机管理',0,1,'VEM',NULL,NULL,'',1,0,'M','0','0','','excel','admin','2024-11-20 21:23:46','admin','2025-02-19 21:59:47',''),(2015,'售货机管理',2008,1,'info','info/info/index',NULL,'',1,0,'C','0','0','info:info:list','build','admin','2024-11-20 21:39:15','admin','2025-02-19 22:00:08','售货机管理菜单'),(2016,'售货机管理查询',2015,1,'#','',NULL,'',1,0,'F','0','0','info:info:query','#','admin','2024-11-20 21:39:15','',NULL,''),(2017,'售货机管理新增',2015,2,'#','',NULL,'',1,0,'F','0','0','info:info:add','#','admin','2024-11-20 21:39:15','',NULL,''),(2018,'售货机管理修改',2015,3,'#','',NULL,'',1,0,'F','0','0','info:info:edit','#','admin','2024-11-20 21:39:15','',NULL,''),(2019,'售货机管理删除',2015,4,'#','',NULL,'',1,0,'F','0','0','info:info:remove','#','admin','2024-11-20 21:39:15','',NULL,''),(2020,'售货机管理导出',2015,5,'#','',NULL,'',1,0,'F','0','0','info:info:export','#','admin','2024-11-20 21:39:15','',NULL,''),(2081,'商品信息',2008,1,'product','product/product/index',NULL,'',1,0,'C','0','0','product:product:list','build','admin','2025-02-16 18:01:55','admin','2025-02-19 22:00:31','商品信息1菜单'),(2082,'商品信息查询',2081,1,'#','',NULL,'',1,0,'F','0','0','product:product:query','#','admin','2025-02-16 18:01:55','',NULL,''),(2083,'商品信息新增',2081,2,'#','',NULL,'',1,0,'F','0','0','product:product:add','#','admin','2025-02-16 18:01:55','',NULL,''),(2084,'商品信息修改',2081,3,'#','',NULL,'',1,0,'F','0','0','product:product:edit','#','admin','2025-02-16 18:01:55','',NULL,''),(2085,'商品信息删除',2081,4,'#','',NULL,'',1,0,'F','0','0','product:product:remove','#','admin','2025-02-16 18:01:55','',NULL,''),(2086,'商品信息导出',2081,5,'#','',NULL,'',1,0,'F','0','0','product:product:export','#','admin','2025-02-16 18:01:55','',NULL,''),(2087,'售货机单商品销售信息',2008,1,'sales','vemSys/sales/index',NULL,'',1,0,'C','0','0','vemSys:sales:list','build','admin','2025-02-16 18:07:39','admin','2025-02-19 22:00:36','售货机单商品销售信息菜单'),(2088,'售货机单商品销售信息查询',2087,1,'#','',NULL,'',1,0,'F','0','0','vemSys:sales:query','#','admin','2025-02-16 18:07:39','',NULL,''),(2089,'售货机单商品销售信息新增',2087,2,'#','',NULL,'',1,0,'F','0','0','vemSys:sales:add','#','admin','2025-02-16 18:07:39','',NULL,''),(2090,'售货机单商品销售信息修改',2087,3,'#','',NULL,'',1,0,'F','0','0','vemSys:sales:edit','#','admin','2025-02-16 18:07:39','',NULL,''),(2091,'售货机单商品销售信息删除',2087,4,'#','',NULL,'',1,0,'F','0','0','vemSys:sales:remove','#','admin','2025-02-16 18:07:39','',NULL,''),(2092,'售货机单商品销售信息导出',2087,5,'#','',NULL,'',1,0,'F','0','0','vemSys:sales:export','#','admin','2025-02-16 18:07:39','',NULL,''),(2105,'售货机利润',2008,1,'profile','total_profile/profile/index',NULL,'',1,0,'C','0','0','total_profile:profile:list','build','admin','2025-02-17 21:37:39','admin','2025-02-19 22:00:41','售货机利润菜单'),(2106,'售货机利润查询',2105,1,'#','',NULL,'',1,0,'F','0','0','total_profile:profile:query','#','admin','2025-02-17 21:37:39','',NULL,''),(2107,'售货机利润新增',2105,2,'#','',NULL,'',1,0,'F','0','0','total_profile:profile:add','#','admin','2025-02-17 21:37:39','',NULL,''),(2108,'售货机利润修改',2105,3,'#','',NULL,'',1,0,'F','0','0','total_profile:profile:edit','#','admin','2025-02-17 21:37:39','',NULL,''),(2109,'售货机利润删除',2105,4,'#','',NULL,'',1,0,'F','0','0','total_profile:profile:remove','#','admin','2025-02-17 21:37:39','',NULL,''),(2110,'售货机利润导出',2105,5,'#','',NULL,'',1,0,'F','0','0','total_profile:profile:export','#','admin','2025-02-17 21:37:39','',NULL,''),(2111,'售货机维修记录',2008,1,'repairRecords','repair_records/repairRecords/index',NULL,'',1,0,'C','0','0','repair_records:repairRecords:list','build','admin','2025-02-18 21:16:40','admin','2025-02-19 22:00:44','售货机维修记录菜单'),(2112,'售货机维修记录查询',2111,1,'#','',NULL,'',1,0,'F','0','0','repair_records:repairRecords:query','#','admin','2025-02-18 21:16:40','',NULL,''),(2113,'售货机维修记录新增',2111,2,'#','',NULL,'',1,0,'F','0','0','repair_records:repairRecords:add','#','admin','2025-02-18 21:16:40','',NULL,''),(2114,'售货机维修记录修改',2111,3,'#','',NULL,'',1,0,'F','0','0','repair_records:repairRecords:edit','#','admin','2025-02-18 21:16:40','',NULL,''),(2115,'售货机维修记录删除',2111,4,'#','',NULL,'',1,0,'F','0','0','repair_records:repairRecords:remove','#','admin','2025-02-18 21:16:40','',NULL,''),(2116,'售货机维修记录导出',2111,5,'#','',NULL,'',1,0,'F','0','0','repair_records:repairRecords:export','#','admin','2025-02-18 21:16:40','',NULL,''),(2123,'售货机报废',2008,1,'records','scrap_records/records/index',NULL,'',1,0,'C','0','0','scrap_records:records:list','build','admin','2025-02-19 21:57:59','admin','2025-02-19 22:00:47','售货机报废菜单'),(2124,'售货机报废查询',2123,1,'#','',NULL,'',1,0,'F','0','0','scrap_records:records:query','#','admin','2025-02-19 21:57:59','',NULL,''),(2125,'售货机报废新增',2123,2,'#','',NULL,'',1,0,'F','0','0','scrap_records:records:add','#','admin','2025-02-19 21:57:59','',NULL,''),(2126,'售货机报废修改',2123,3,'#','',NULL,'',1,0,'F','0','0','scrap_records:records:edit','#','admin','2025-02-19 21:57:59','',NULL,''),(2127,'售货机报废删除',2123,4,'#','',NULL,'',1,0,'F','0','0','scrap_records:records:remove','#','admin','2025-02-19 21:57:59','',NULL,''),(2128,'售货机报废导出',2123,5,'#','',NULL,'',1,0,'F','0','0','scrap_records:records:export','#','admin','2025-02-19 21:57:59','',NULL,'');
/*!40000 ALTER TABLE `sys_menu` ENABLE KEYS */;
UNLOCK TABLES;

--
-- Table structure for table `sys_notice`
--

DROP TABLE IF EXISTS `sys_notice`;
/*!40101 SET @saved_cs_client     = @@character_set_client */;
/*!50503 SET character_set_client = utf8mb4 */;
CREATE TABLE `sys_notice` (
  `notice_id` int NOT NULL AUTO_INCREMENT COMMENT '公告ID',
  `notice_title` varchar(50) NOT NULL COMMENT '公告标题',
  `notice_type` char(1) NOT NULL COMMENT '公告类型（1通知 2公告）',
  `notice_content` longblob COMMENT '公告内容',
  `status` char(1) DEFAULT '0' COMMENT '公告状态（0正常 1关闭）',
  `create_by` varchar(64) DEFAULT '' COMMENT '创建者',
  `create_time` datetime DEFAULT NULL COMMENT '创建时间',
  `update_by` varchar(64) DEFAULT '' COMMENT '更新者',
  `update_time` datetime DEFAULT NULL COMMENT '更新时间',
  `remark` varchar(255) DEFAULT NULL COMMENT '备注',
  PRIMARY KEY (`notice_id`)
) ENGINE=InnoDB AUTO_INCREMENT=10 DEFAULT CHARSET=utf8mb4 COLLATE=utf8mb4_0900_ai_ci COMMENT='通知公告表';
/*!40101 SET character_set_client = @saved_cs_client */;

--
-- Dumping data for table `sys_notice`
--

LOCK TABLES `sys_notice` WRITE;
/*!40000 ALTER TABLE `sys_notice` DISABLE KEYS */;
INSERT INTO `sys_notice` VALUES (1,'温馨提醒：2018-07-01 若依新版本发布啦','2',_binary '新版本内容','0','admin','2024-11-13 20:55:02','',NULL,'管理员'),(2,'维护通知：2018-07-01 若依系统凌晨维护','1',_binary '维护内容','0','admin','2024-11-13 20:55:02','',NULL,'管理员');
/*!40000 ALTER TABLE `sys_notice` ENABLE KEYS */;
UNLOCK TABLES;

--
-- Table structure for table `sys_oper_log`
--

DROP TABLE IF EXISTS `sys_oper_log`;
/*!40101 SET @saved_cs_client     = @@character_set_client */;
/*!50503 SET character_set_client = utf8mb4 */;
CREATE TABLE `sys_oper_log` (
  `oper_id` bigint NOT NULL AUTO_INCREMENT COMMENT '日志主键',
  `title` varchar(50) DEFAULT '' COMMENT '模块标题',
  `business_type` int DEFAULT '0' COMMENT '业务类型（0其它 1新增 2修改 3删除）',
  `method` varchar(200) DEFAULT '' COMMENT '方法名称',
  `request_method` varchar(10) DEFAULT '' COMMENT '请求方式',
  `operator_type` int DEFAULT '0' COMMENT '操作类别（0其它 1后台用户 2手机端用户）',
  `oper_name` varchar(50) DEFAULT '' COMMENT '操作人员',
  `dept_name` varchar(50) DEFAULT '' COMMENT '部门名称',
  `oper_url` varchar(255) DEFAULT '' COMMENT '请求URL',
  `oper_ip` varchar(128) DEFAULT '' COMMENT '主机地址',
  `oper_location` varchar(255) DEFAULT '' COMMENT '操作地点',
  `oper_param` varchar(2000) DEFAULT '' COMMENT '请求参数',
  `json_result` varchar(2000) DEFAULT '' COMMENT '返回参数',
  `status` int DEFAULT '0' COMMENT '操作状态（0正常 1异常）',
  `error_msg` varchar(2000) DEFAULT '' COMMENT '错误消息',
  `oper_time` datetime DEFAULT NULL COMMENT '操作时间',
  `cost_time` bigint DEFAULT '0' COMMENT '消耗时间',
  PRIMARY KEY (`oper_id`),
  KEY `idx_sys_oper_log_bt` (`business_type`),
  KEY `idx_sys_oper_log_s` (`status`),
  KEY `idx_sys_oper_log_ot` (`oper_time`)
) ENGINE=InnoDB AUTO_INCREMENT=267 DEFAULT CHARSET=utf8mb4 COLLATE=utf8mb4_0900_ai_ci COMMENT='操作日志记录';
/*!40101 SET character_set_client = @saved_cs_client */;

--
-- Dumping data for table `sys_oper_log`
--

LOCK TABLES `sys_oper_log` WRITE;
/*!40000 ALTER TABLE `sys_oper_log` DISABLE KEYS */;
INSERT INTO `sys_oper_log` VALUES (100,'菜单管理',1,'com.ruoyi.web.controller.system.SysMenuController.add()','POST',1,'admin','研发部门','/system/menu','127.0.0.1','内网IP','{\"children\":[],\"createBy\":\"admin\",\"icon\":\"swagger\",\"isCache\":\"0\",\"isFrame\":\"1\",\"menuName\":\"售货机管理\",\"menuType\":\"M\",\"orderNum\":1,\"params\":{},\"parentId\":0,\"path\":\"sales\",\"status\":\"0\",\"visible\":\"0\"}','{\"msg\":\"操作成功\",\"code\":200}',0,NULL,'2024-11-20 20:04:44',23),(101,'菜单管理',1,'com.ruoyi.web.controller.system.SysMenuController.add()','POST',1,'admin','研发部门','/system/menu','127.0.0.1','内网IP','{\"children\":[],\"createBy\":\"admin\",\"icon\":\"druid\",\"isCache\":\"0\",\"isFrame\":\"1\",\"menuName\":\"售货机信息\",\"menuType\":\"C\",\"orderNum\":1,\"params\":{},\"parentId\":2000,\"path\":\"VEM\",\"status\":\"0\",\"visible\":\"0\"}','{\"msg\":\"操作成功\",\"code\":200}',0,NULL,'2024-11-20 20:23:24',27),(102,'代码生成',6,'com.ruoyi.generator.controller.GenController.importTableSave()','POST',1,'admin','研发部门','/tool/gen/importTable','127.0.0.1','内网IP','{\"tables\":\"vem_info\"}','{\"msg\":\"操作成功\",\"code\":200}',0,NULL,'2024-11-20 21:02:41',57),(103,'代码生成',2,'com.ruoyi.generator.controller.GenController.editSave()','PUT',1,'admin','研发部门','/tool/gen','127.0.0.1','内网IP','{\"businessName\":\"info\",\"className\":\"VemInfo\",\"columns\":[{\"capJavaField\":\"Id\",\"columnComment\":\"售货机id\",\"columnId\":1,\"columnName\":\"id\",\"columnType\":\"int\",\"createBy\":\"admin\",\"createTime\":\"2024-11-20 21:02:41\",\"dictType\":\"\",\"edit\":true,\"htmlType\":\"input\",\"increment\":true,\"insert\":true,\"isEdit\":\"1\",\"isIncrement\":\"1\",\"isInsert\":\"1\",\"isList\":\"1\",\"isPk\":\"1\",\"isQuery\":\"1\",\"isRequired\":\"1\",\"javaField\":\"id\",\"javaType\":\"Long\",\"list\":true,\"params\":{},\"pk\":true,\"query\":true,\"queryType\":\"EQ\",\"required\":true,\"sort\":1,\"superColumn\":false,\"tableId\":1,\"updateBy\":\"\",\"usableColumn\":false},{\"capJavaField\":\"Location\",\"columnComment\":\"售货机位置\",\"columnId\":2,\"columnName\":\"location\",\"columnType\":\"varchar(50)\",\"createBy\":\"admin\",\"createTime\":\"2024-11-20 21:02:41\",\"dictType\":\"\",\"edit\":true,\"htmlType\":\"input\",\"increment\":false,\"insert\":true,\"isEdit\":\"1\",\"isIncrement\":\"0\",\"isInsert\":\"1\",\"isList\":\"1\",\"isPk\":\"0\",\"isQuery\":\"1\",\"isRequired\":\"1\",\"javaField\":\"location\",\"javaType\":\"String\",\"list\":true,\"params\":{},\"pk\":false,\"query\":true,\"queryType\":\"LIKE\",\"required\":true,\"sort\":2,\"superColumn\":false,\"tableId\":1,\"updateBy\":\"\",\"usableColumn\":false},{\"capJavaField\":\"Status\",\"columnComment\":\"售货机状态\",\"columnId\":3,\"columnName\":\"status\",\"columnType\":\"varchar(20)\",\"createBy\":\"admin\",\"createTime\":\"2024-11-20 21:02:41\",\"dictType\":\"\",\"edit\":true,\"htmlType\":\"radio\",\"increment\":false,\"insert\":true,\"isEdit\":\"1\",\"isIncrement\":\"0\",\"isInsert\":\"1\",\"isList\":\"1\",\"isPk\":\"0\",\"isQuery\":\"1\",\"isRequired\":\"1\",\"javaField\":\"status\",\"javaType\":\"String\",\"list\":true,\"params\":{},\"pk\":false,\"query\":true,\"queryType\":\"EQ\",\"required\":true,\"sort\":3,\"superColumn\":false,\"tableId\":1,\"updateBy\":\"\",\"usableColumn\":false},{\"capJavaField\":\"Version\",\"columnComment\":\"售货机公司品牌\",\"columnId\":4,\"columnName\":\"version\",\"columnType\":\"varchar(20)\",\"createBy\":\"admin\",\"createTime\":\"2024-11-20 21:02:41\",\"dictType\":\"\",\"edit\":true,\"htmlType\":\"input\",\"increment\":false,\"insert\":true,\"isEdit\":\"1\",\"isIncrement\":\"0\",\"isInsert\":\"1\",\"isList\":\"1\",\"isPk\":\"0\",\"isQuery\":\"1\",\"isR','{\"msg\":\"操作成功\",\"code\":200}',0,NULL,'2024-11-20 21:08:26',31),(104,'代码生成',8,'com.ruoyi.generator.controller.GenController.batchGenCode()','GET',1,'admin','研发部门','/tool/gen/batchGenCode','127.0.0.1','内网IP','{\"tables\":\"vem_info\"}',NULL,0,NULL,'2024-11-20 21:08:29',175),(105,'代码生成',2,'com.ruoyi.generator.controller.GenController.editSave()','PUT',1,'admin','研发部门','/tool/gen','127.0.0.1','内网IP','{\"businessName\":\"info\",\"className\":\"VemInfo\",\"columns\":[{\"capJavaField\":\"Id\",\"columnComment\":\"售货机id\",\"columnId\":1,\"columnName\":\"id\",\"columnType\":\"int\",\"createBy\":\"admin\",\"createTime\":\"2024-11-20 21:02:41\",\"dictType\":\"\",\"edit\":true,\"htmlType\":\"input\",\"increment\":true,\"insert\":true,\"isEdit\":\"1\",\"isIncrement\":\"1\",\"isInsert\":\"1\",\"isList\":\"1\",\"isPk\":\"1\",\"isQuery\":\"1\",\"isRequired\":\"1\",\"javaField\":\"id\",\"javaType\":\"Long\",\"list\":true,\"params\":{},\"pk\":true,\"query\":true,\"queryType\":\"EQ\",\"required\":true,\"sort\":1,\"superColumn\":false,\"tableId\":1,\"updateBy\":\"\",\"updateTime\":\"2024-11-20 21:08:26\",\"usableColumn\":false},{\"capJavaField\":\"Location\",\"columnComment\":\"售货机位置\",\"columnId\":2,\"columnName\":\"location\",\"columnType\":\"varchar(50)\",\"createBy\":\"admin\",\"createTime\":\"2024-11-20 21:02:41\",\"dictType\":\"\",\"edit\":true,\"htmlType\":\"input\",\"increment\":false,\"insert\":true,\"isEdit\":\"1\",\"isIncrement\":\"0\",\"isInsert\":\"1\",\"isList\":\"1\",\"isPk\":\"0\",\"isQuery\":\"1\",\"isRequired\":\"1\",\"javaField\":\"location\",\"javaType\":\"String\",\"list\":true,\"params\":{},\"pk\":false,\"query\":true,\"queryType\":\"LIKE\",\"required\":true,\"sort\":2,\"superColumn\":false,\"tableId\":1,\"updateBy\":\"\",\"updateTime\":\"2024-11-20 21:08:26\",\"usableColumn\":false},{\"capJavaField\":\"Status\",\"columnComment\":\"售货机状态\",\"columnId\":3,\"columnName\":\"status\",\"columnType\":\"varchar(20)\",\"createBy\":\"admin\",\"createTime\":\"2024-11-20 21:02:41\",\"dictType\":\"\",\"edit\":true,\"htmlType\":\"radio\",\"increment\":false,\"insert\":true,\"isEdit\":\"1\",\"isIncrement\":\"0\",\"isInsert\":\"1\",\"isList\":\"1\",\"isPk\":\"0\",\"isQuery\":\"1\",\"isRequired\":\"1\",\"javaField\":\"status\",\"javaType\":\"String\",\"list\":true,\"params\":{},\"pk\":false,\"query\":true,\"queryType\":\"EQ\",\"required\":true,\"sort\":3,\"superColumn\":false,\"tableId\":1,\"updateBy\":\"\",\"updateTime\":\"2024-11-20 21:08:26\",\"usableColumn\":false},{\"capJavaField\":\"Version\",\"columnComment\":\"售货机公司品牌\",\"columnId\":4,\"columnName\":\"version\",\"columnType\":\"varchar(20)\",\"createBy\":\"admin\",\"createTime\":\"2024-11-20 21:02:41\",\"dictType\":\"\",\"edit\":true,\"htmlType\":\"input\",\"increment\":fal','{\"msg\":\"操作成功\",\"code\":200}',0,NULL,'2024-11-20 21:10:11',27),(106,'代码生成',8,'com.ruoyi.generator.controller.GenController.batchGenCode()','GET',1,'admin','研发部门','/tool/gen/batchGenCode','127.0.0.1','内网IP','{\"tables\":\"vem_info\"}',NULL,0,NULL,'2024-11-20 21:10:13',34),(107,'菜单管理',1,'com.ruoyi.web.controller.system.SysMenuController.add()','POST',1,'admin','研发部门','/system/menu','127.0.0.1','内网IP','{\"children\":[],\"createBy\":\"admin\",\"icon\":\"excel\",\"isCache\":\"0\",\"isFrame\":\"1\",\"menuName\":\"售货机\",\"menuType\":\"M\",\"orderNum\":1,\"params\":{},\"parentId\":0,\"path\":\"VEM\",\"status\":\"0\",\"visible\":\"0\"}','{\"msg\":\"操作成功\",\"code\":200}',0,NULL,'2024-11-20 21:23:46',94),(108,'代码生成',2,'com.ruoyi.generator.controller.GenController.editSave()','PUT',1,'admin','研发部门','/tool/gen','127.0.0.1','内网IP','{\"businessName\":\"info\",\"className\":\"VemInfo\",\"columns\":[{\"capJavaField\":\"Id\",\"columnComment\":\"售货机id\",\"columnId\":1,\"columnName\":\"id\",\"columnType\":\"int\",\"createBy\":\"admin\",\"createTime\":\"2024-11-20 21:02:41\",\"dictType\":\"\",\"edit\":true,\"htmlType\":\"input\",\"increment\":true,\"insert\":true,\"isEdit\":\"1\",\"isIncrement\":\"1\",\"isInsert\":\"1\",\"isList\":\"1\",\"isPk\":\"1\",\"isQuery\":\"1\",\"isRequired\":\"1\",\"javaField\":\"id\",\"javaType\":\"Long\",\"list\":true,\"params\":{},\"pk\":true,\"query\":true,\"queryType\":\"EQ\",\"required\":true,\"sort\":1,\"superColumn\":false,\"tableId\":1,\"updateBy\":\"\",\"updateTime\":\"2024-11-20 21:10:10\",\"usableColumn\":false},{\"capJavaField\":\"Location\",\"columnComment\":\"售货机位置\",\"columnId\":2,\"columnName\":\"location\",\"columnType\":\"varchar(50)\",\"createBy\":\"admin\",\"createTime\":\"2024-11-20 21:02:41\",\"dictType\":\"\",\"edit\":true,\"htmlType\":\"input\",\"increment\":false,\"insert\":true,\"isEdit\":\"1\",\"isIncrement\":\"0\",\"isInsert\":\"1\",\"isList\":\"1\",\"isPk\":\"0\",\"isQuery\":\"1\",\"isRequired\":\"1\",\"javaField\":\"location\",\"javaType\":\"String\",\"list\":true,\"params\":{},\"pk\":false,\"query\":true,\"queryType\":\"LIKE\",\"required\":true,\"sort\":2,\"superColumn\":false,\"tableId\":1,\"updateBy\":\"\",\"updateTime\":\"2024-11-20 21:10:10\",\"usableColumn\":false},{\"capJavaField\":\"Status\",\"columnComment\":\"售货机状态\",\"columnId\":3,\"columnName\":\"status\",\"columnType\":\"varchar(20)\",\"createBy\":\"admin\",\"createTime\":\"2024-11-20 21:02:41\",\"dictType\":\"\",\"edit\":true,\"htmlType\":\"radio\",\"increment\":false,\"insert\":true,\"isEdit\":\"1\",\"isIncrement\":\"0\",\"isInsert\":\"1\",\"isList\":\"1\",\"isPk\":\"0\",\"isQuery\":\"1\",\"isRequired\":\"1\",\"javaField\":\"status\",\"javaType\":\"String\",\"list\":true,\"params\":{},\"pk\":false,\"query\":true,\"queryType\":\"EQ\",\"required\":true,\"sort\":3,\"superColumn\":false,\"tableId\":1,\"updateBy\":\"\",\"updateTime\":\"2024-11-20 21:10:10\",\"usableColumn\":false},{\"capJavaField\":\"Version\",\"columnComment\":\"售货机公司品牌\",\"columnId\":4,\"columnName\":\"version\",\"columnType\":\"varchar(20)\",\"createBy\":\"admin\",\"createTime\":\"2024-11-20 21:02:41\",\"dictType\":\"\",\"edit\":true,\"htmlType\":\"input\",\"increment\":fal','{\"msg\":\"操作成功\",\"code\":200}',0,NULL,'2024-11-20 21:25:11',52),(109,'代码生成',2,'com.ruoyi.generator.controller.GenController.editSave()','PUT',1,'admin','研发部门','/tool/gen','127.0.0.1','内网IP','{\"businessName\":\"info\",\"className\":\"VemInfo\",\"columns\":[{\"capJavaField\":\"Id\",\"columnComment\":\"售货机id\",\"columnId\":1,\"columnName\":\"id\",\"columnType\":\"int\",\"createBy\":\"admin\",\"createTime\":\"2024-11-20 21:02:41\",\"dictType\":\"\",\"edit\":true,\"htmlType\":\"input\",\"increment\":true,\"insert\":true,\"isEdit\":\"1\",\"isIncrement\":\"1\",\"isInsert\":\"1\",\"isList\":\"1\",\"isPk\":\"1\",\"isQuery\":\"1\",\"isRequired\":\"1\",\"javaField\":\"id\",\"javaType\":\"Long\",\"list\":true,\"params\":{},\"pk\":true,\"query\":true,\"queryType\":\"EQ\",\"required\":true,\"sort\":1,\"superColumn\":false,\"tableId\":1,\"updateBy\":\"\",\"updateTime\":\"2024-11-20 21:25:11\",\"usableColumn\":false},{\"capJavaField\":\"Location\",\"columnComment\":\"售货机位置\",\"columnId\":2,\"columnName\":\"location\",\"columnType\":\"varchar(50)\",\"createBy\":\"admin\",\"createTime\":\"2024-11-20 21:02:41\",\"dictType\":\"\",\"edit\":true,\"htmlType\":\"input\",\"increment\":false,\"insert\":true,\"isEdit\":\"1\",\"isIncrement\":\"0\",\"isInsert\":\"1\",\"isList\":\"1\",\"isPk\":\"0\",\"isQuery\":\"1\",\"isRequired\":\"1\",\"javaField\":\"location\",\"javaType\":\"String\",\"list\":true,\"params\":{},\"pk\":false,\"query\":true,\"queryType\":\"LIKE\",\"required\":true,\"sort\":2,\"superColumn\":false,\"tableId\":1,\"updateBy\":\"\",\"updateTime\":\"2024-11-20 21:25:11\",\"usableColumn\":false},{\"capJavaField\":\"Status\",\"columnComment\":\"售货机状态\",\"columnId\":3,\"columnName\":\"status\",\"columnType\":\"varchar(20)\",\"createBy\":\"admin\",\"createTime\":\"2024-11-20 21:02:41\",\"dictType\":\"\",\"edit\":true,\"htmlType\":\"radio\",\"increment\":false,\"insert\":true,\"isEdit\":\"1\",\"isIncrement\":\"0\",\"isInsert\":\"1\",\"isList\":\"1\",\"isPk\":\"0\",\"isQuery\":\"1\",\"isRequired\":\"1\",\"javaField\":\"status\",\"javaType\":\"String\",\"list\":true,\"params\":{},\"pk\":false,\"query\":true,\"queryType\":\"EQ\",\"required\":true,\"sort\":3,\"superColumn\":false,\"tableId\":1,\"updateBy\":\"\",\"updateTime\":\"2024-11-20 21:25:11\",\"usableColumn\":false},{\"capJavaField\":\"Version\",\"columnComment\":\"售货机公司品牌\",\"columnId\":4,\"columnName\":\"version\",\"columnType\":\"varchar(20)\",\"createBy\":\"admin\",\"createTime\":\"2024-11-20 21:02:41\",\"dictType\":\"\",\"edit\":true,\"htmlType\":\"input\",\"increment\":fal','{\"msg\":\"操作成功\",\"code\":200}',0,NULL,'2024-11-20 21:26:24',22),(110,'代码生成',8,'com.ruoyi.generator.controller.GenController.batchGenCode()','GET',1,'admin','研发部门','/tool/gen/batchGenCode','127.0.0.1','内网IP','{\"tables\":\"vem_info\"}',NULL,0,NULL,'2024-11-20 21:26:26',172),(111,'售货机管理',2,'com.ruoyi.info.controller.VemInfoController.edit()','PUT',1,'admin','研发部门','/info/info','127.0.0.1','内网IP','{\"comment\":\"正常使用\",\"createdTime\":\"2024-11-20\",\"id\":1,\"location\":\"安徽大学龙河校区\",\"params\":{},\"status\":\"在线\",\"suppliers\":\"神亚集团\",\"version\":\"保护伞公司\"}','{\"msg\":\"操作成功\",\"code\":200}',0,NULL,'2024-11-20 21:35:10',16),(112,'代码生成',2,'com.ruoyi.generator.controller.GenController.synchDb()','GET',1,'admin','研发部门','/tool/gen/synchDb/vem_info','127.0.0.1','内网IP','{}','{\"msg\":\"操作成功\",\"code\":200}',0,NULL,'2024-11-20 21:37:00',82),(113,'代码生成',2,'com.ruoyi.generator.controller.GenController.editSave()','PUT',1,'admin','研发部门','/tool/gen','127.0.0.1','内网IP','{\"businessName\":\"info\",\"className\":\"VemInfo\",\"columns\":[{\"capJavaField\":\"Id\",\"columnComment\":\"售货机id\",\"columnId\":1,\"columnName\":\"id\",\"columnType\":\"int\",\"createBy\":\"admin\",\"createTime\":\"2024-11-20 21:02:41\",\"dictType\":\"\",\"edit\":true,\"htmlType\":\"input\",\"increment\":true,\"insert\":true,\"isEdit\":\"1\",\"isIncrement\":\"1\",\"isInsert\":\"1\",\"isList\":\"1\",\"isPk\":\"1\",\"isQuery\":\"1\",\"isRequired\":\"1\",\"javaField\":\"id\",\"javaType\":\"Long\",\"list\":true,\"params\":{},\"pk\":true,\"query\":true,\"queryType\":\"EQ\",\"required\":true,\"sort\":1,\"superColumn\":false,\"tableId\":1,\"updateBy\":\"\",\"updateTime\":\"2024-11-20 21:37:00\",\"usableColumn\":false},{\"capJavaField\":\"Location\",\"columnComment\":\"售货机位置\",\"columnId\":2,\"columnName\":\"location\",\"columnType\":\"varchar(50)\",\"createBy\":\"admin\",\"createTime\":\"2024-11-20 21:02:41\",\"dictType\":\"\",\"edit\":true,\"htmlType\":\"input\",\"increment\":false,\"insert\":true,\"isEdit\":\"1\",\"isIncrement\":\"0\",\"isInsert\":\"1\",\"isList\":\"1\",\"isPk\":\"0\",\"isQuery\":\"1\",\"isRequired\":\"1\",\"javaField\":\"location\",\"javaType\":\"String\",\"list\":true,\"params\":{},\"pk\":false,\"query\":true,\"queryType\":\"LIKE\",\"required\":true,\"sort\":2,\"superColumn\":false,\"tableId\":1,\"updateBy\":\"\",\"updateTime\":\"2024-11-20 21:37:00\",\"usableColumn\":false},{\"capJavaField\":\"Status\",\"columnComment\":\"售货机状态\",\"columnId\":3,\"columnName\":\"status\",\"columnType\":\"varchar(20)\",\"createBy\":\"admin\",\"createTime\":\"2024-11-20 21:02:41\",\"dictType\":\"\",\"edit\":true,\"htmlType\":\"input\",\"increment\":false,\"insert\":true,\"isEdit\":\"1\",\"isIncrement\":\"0\",\"isInsert\":\"1\",\"isList\":\"1\",\"isPk\":\"0\",\"isQuery\":\"1\",\"isRequired\":\"1\",\"javaField\":\"status\",\"javaType\":\"String\",\"list\":true,\"params\":{},\"pk\":false,\"query\":true,\"queryType\":\"EQ\",\"required\":true,\"sort\":3,\"superColumn\":false,\"tableId\":1,\"updateBy\":\"\",\"updateTime\":\"2024-11-20 21:37:00\",\"usableColumn\":false},{\"capJavaField\":\"Version\",\"columnComment\":\"售货机公司品牌\",\"columnId\":4,\"columnName\":\"version\",\"columnType\":\"varchar(20)\",\"createBy\":\"admin\",\"createTime\":\"2024-11-20 21:02:41\",\"dictType\":\"\",\"edit\":true,\"htmlType\":\"input\",\"increment\":fal','{\"msg\":\"操作成功\",\"code\":200}',0,NULL,'2024-11-20 21:38:35',52),(114,'代码生成',8,'com.ruoyi.generator.controller.GenController.batchGenCode()','GET',1,'admin','研发部门','/tool/gen/batchGenCode','127.0.0.1','内网IP','{\"tables\":\"vem_info\"}',NULL,0,NULL,'2024-11-20 21:38:39',158),(115,'字典类型',1,'com.ruoyi.web.controller.system.SysDictTypeController.add()','POST',1,'admin','研发部门','/system/dict/type','127.0.0.1','内网IP','{\"createBy\":\"admin\",\"dictName\":\"售货机货物供应商\",\"dictType\":\"supplier\",\"params\":{},\"remark\":\"售货机货物供应商\",\"status\":\"0\"}','{\"msg\":\"操作成功\",\"code\":200}',0,NULL,'2025-02-05 20:08:36',16),(116,'字典数据',1,'com.ruoyi.web.controller.system.SysDictDataController.add()','POST',1,'admin','研发部门','/system/dict/data','127.0.0.1','内网IP','{\"createBy\":\"admin\",\"default\":false,\"dictLabel\":\"神亚集团\",\"dictSort\":1,\"dictType\":\"supplier\",\"dictValue\":\"0\",\"listClass\":\"default\",\"params\":{},\"remark\":\"神亚集团\",\"status\":\"0\"}','{\"msg\":\"操作成功\",\"code\":200}',0,NULL,'2025-02-05 20:09:37',10),(117,'字典数据',1,'com.ruoyi.web.controller.system.SysDictDataController.add()','POST',1,'admin','研发部门','/system/dict/data','127.0.0.1','内网IP','{\"createBy\":\"admin\",\"default\":false,\"dictLabel\":\"三联集团\",\"dictSort\":1,\"dictType\":\"supplier\",\"dictValue\":\"1\",\"listClass\":\"default\",\"params\":{},\"remark\":\"三联集团\",\"status\":\"0\"}','{\"msg\":\"操作成功\",\"code\":200}',0,NULL,'2025-02-05 20:09:53',8),(118,'字典数据',2,'com.ruoyi.web.controller.system.SysDictDataController.edit()','PUT',1,'admin','研发部门','/system/dict/data','127.0.0.1','内网IP','{\"createBy\":\"admin\",\"createTime\":\"2025-02-05 20:09:53\",\"default\":false,\"dictCode\":101,\"dictLabel\":\"三联集团\",\"dictSort\":2,\"dictType\":\"supplier\",\"dictValue\":\"1\",\"isDefault\":\"N\",\"listClass\":\"default\",\"params\":{},\"remark\":\"三联集团\",\"status\":\"0\",\"updateBy\":\"admin\"}','{\"msg\":\"操作成功\",\"code\":200}',0,NULL,'2025-02-05 20:09:58',7),(119,'字典数据',1,'com.ruoyi.web.controller.system.SysDictDataController.add()','POST',1,'admin','研发部门','/system/dict/data','127.0.0.1','内网IP','{\"createBy\":\"admin\",\"default\":false,\"dictLabel\":\"西蒙斯集团\",\"dictSort\":3,\"dictType\":\"supplier\",\"dictValue\":\"2\",\"listClass\":\"default\",\"params\":{},\"remark\":\"西蒙斯\",\"status\":\"0\"}','{\"msg\":\"操作成功\",\"code\":200}',0,NULL,'2025-02-05 20:11:30',8),(120,'代码生成',2,'com.ruoyi.generator.controller.GenController.editSave()','PUT',1,'admin','研发部门','/tool/gen','127.0.0.1','内网IP','{\"businessName\":\"info\",\"className\":\"VemInfo\",\"columns\":[{\"capJavaField\":\"Id\",\"columnComment\":\"售货机id\",\"columnId\":1,\"columnName\":\"id\",\"columnType\":\"int\",\"createBy\":\"admin\",\"createTime\":\"2024-11-20 21:02:41\",\"dictType\":\"\",\"edit\":true,\"htmlType\":\"input\",\"increment\":true,\"insert\":true,\"isEdit\":\"1\",\"isIncrement\":\"1\",\"isInsert\":\"1\",\"isList\":\"1\",\"isPk\":\"1\",\"isQuery\":\"1\",\"isRequired\":\"1\",\"javaField\":\"id\",\"javaType\":\"Long\",\"list\":true,\"params\":{},\"pk\":true,\"query\":true,\"queryType\":\"EQ\",\"required\":true,\"sort\":1,\"superColumn\":false,\"tableId\":1,\"updateBy\":\"\",\"updateTime\":\"2024-11-20 21:38:35\",\"usableColumn\":false},{\"capJavaField\":\"Location\",\"columnComment\":\"售货机位置\",\"columnId\":2,\"columnName\":\"location\",\"columnType\":\"varchar(50)\",\"createBy\":\"admin\",\"createTime\":\"2024-11-20 21:02:41\",\"dictType\":\"\",\"edit\":true,\"htmlType\":\"input\",\"increment\":false,\"insert\":true,\"isEdit\":\"1\",\"isIncrement\":\"0\",\"isInsert\":\"1\",\"isList\":\"1\",\"isPk\":\"0\",\"isQuery\":\"1\",\"isRequired\":\"1\",\"javaField\":\"location\",\"javaType\":\"String\",\"list\":true,\"params\":{},\"pk\":false,\"query\":true,\"queryType\":\"LIKE\",\"required\":true,\"sort\":2,\"superColumn\":false,\"tableId\":1,\"updateBy\":\"\",\"updateTime\":\"2024-11-20 21:38:35\",\"usableColumn\":false},{\"capJavaField\":\"Status\",\"columnComment\":\"售货机状态\",\"columnId\":3,\"columnName\":\"status\",\"columnType\":\"varchar(20)\",\"createBy\":\"admin\",\"createTime\":\"2024-11-20 21:02:41\",\"dictType\":\"\",\"edit\":true,\"htmlType\":\"input\",\"increment\":false,\"insert\":true,\"isEdit\":\"1\",\"isIncrement\":\"0\",\"isInsert\":\"1\",\"isList\":\"1\",\"isPk\":\"0\",\"isQuery\":\"1\",\"isRequired\":\"1\",\"javaField\":\"status\",\"javaType\":\"String\",\"list\":true,\"params\":{},\"pk\":false,\"query\":true,\"queryType\":\"EQ\",\"required\":true,\"sort\":3,\"superColumn\":false,\"tableId\":1,\"updateBy\":\"\",\"updateTime\":\"2024-11-20 21:38:35\",\"usableColumn\":false},{\"capJavaField\":\"Version\",\"columnComment\":\"售货机公司品牌\",\"columnId\":4,\"columnName\":\"version\",\"columnType\":\"varchar(20)\",\"createBy\":\"admin\",\"createTime\":\"2024-11-20 21:02:41\",\"dictType\":\"\",\"edit\":true,\"htmlType\":\"input\",\"increment\":fal','{\"msg\":\"操作成功\",\"code\":200}',0,NULL,'2025-02-05 20:12:17',43),(121,'代码生成',8,'com.ruoyi.generator.controller.GenController.batchGenCode()','GET',1,'admin','研发部门','/tool/gen/batchGenCode','127.0.0.1','内网IP','{\"tables\":\"vem_info\"}',NULL,0,NULL,'2025-02-05 20:12:25',159),(122,'字典类型',1,'com.ruoyi.web.controller.system.SysDictTypeController.add()','POST',1,'admin','研发部门','/system/dict/type','127.0.0.1','内网IP','{\"createBy\":\"admin\",\"dictName\":\"售货机状态\",\"dictType\":\"vem_status\",\"params\":{},\"status\":\"0\"}','{\"msg\":\"操作成功\",\"code\":200}',0,NULL,'2025-02-05 20:31:31',7),(123,'字典数据',1,'com.ruoyi.web.controller.system.SysDictDataController.add()','POST',1,'admin','研发部门','/system/dict/data','127.0.0.1','内网IP','{\"createBy\":\"admin\",\"cssClass\":\"\",\"default\":false,\"dictLabel\":\"正常\",\"dictSort\":1,\"dictType\":\"vem_status\",\"dictValue\":\"0\",\"listClass\":\"default\",\"params\":{},\"status\":\"0\"}','{\"msg\":\"操作成功\",\"code\":200}',0,NULL,'2025-02-05 20:32:09',8),(124,'字典数据',1,'com.ruoyi.web.controller.system.SysDictDataController.add()','POST',1,'admin','研发部门','/system/dict/data','127.0.0.1','内网IP','{\"createBy\":\"admin\",\"default\":false,\"dictLabel\":\"异常\",\"dictSort\":2,\"dictType\":\"vem_status\",\"dictValue\":\"1\",\"listClass\":\"default\",\"params\":{},\"status\":\"0\"}','{\"msg\":\"操作成功\",\"code\":200}',0,NULL,'2025-02-05 20:32:24',10),(125,'字典数据',1,'com.ruoyi.web.controller.system.SysDictDataController.add()','POST',1,'admin','研发部门','/system/dict/data','127.0.0.1','内网IP','{\"createBy\":\"admin\",\"default\":false,\"dictLabel\":\"报修中\",\"dictSort\":3,\"dictType\":\"vem_status\",\"dictValue\":\"2\",\"listClass\":\"default\",\"params\":{},\"status\":\"0\"}','{\"msg\":\"操作成功\",\"code\":200}',0,NULL,'2025-02-05 20:32:38',7),(126,'字典数据',1,'com.ruoyi.web.controller.system.SysDictDataController.add()','POST',1,'admin','研发部门','/system/dict/data','127.0.0.1','内网IP','{\"createBy\":\"admin\",\"default\":false,\"dictLabel\":\"停用\",\"dictSort\":4,\"dictType\":\"vem_status\",\"dictValue\":\"3\",\"listClass\":\"default\",\"params\":{},\"status\":\"0\"}','{\"msg\":\"操作成功\",\"code\":200}',0,NULL,'2025-02-05 20:32:54',8),(127,'代码生成',2,'com.ruoyi.generator.controller.GenController.editSave()','PUT',1,'admin','研发部门','/tool/gen','127.0.0.1','内网IP','{\"businessName\":\"info\",\"className\":\"VemInfo\",\"columns\":[{\"capJavaField\":\"Id\",\"columnComment\":\"售货机id\",\"columnId\":1,\"columnName\":\"id\",\"columnType\":\"int\",\"createBy\":\"admin\",\"createTime\":\"2024-11-20 21:02:41\",\"dictType\":\"\",\"edit\":true,\"htmlType\":\"input\",\"increment\":true,\"insert\":true,\"isEdit\":\"1\",\"isIncrement\":\"1\",\"isInsert\":\"1\",\"isList\":\"1\",\"isPk\":\"1\",\"isQuery\":\"1\",\"isRequired\":\"1\",\"javaField\":\"id\",\"javaType\":\"Long\",\"list\":true,\"params\":{},\"pk\":true,\"query\":true,\"queryType\":\"EQ\",\"required\":true,\"sort\":1,\"superColumn\":false,\"tableId\":1,\"updateBy\":\"\",\"updateTime\":\"2025-02-05 20:12:17\",\"usableColumn\":false},{\"capJavaField\":\"Location\",\"columnComment\":\"售货机位置\",\"columnId\":2,\"columnName\":\"location\",\"columnType\":\"varchar(50)\",\"createBy\":\"admin\",\"createTime\":\"2024-11-20 21:02:41\",\"dictType\":\"\",\"edit\":true,\"htmlType\":\"input\",\"increment\":false,\"insert\":true,\"isEdit\":\"1\",\"isIncrement\":\"0\",\"isInsert\":\"1\",\"isList\":\"1\",\"isPk\":\"0\",\"isQuery\":\"1\",\"isRequired\":\"1\",\"javaField\":\"location\",\"javaType\":\"String\",\"list\":true,\"params\":{},\"pk\":false,\"query\":true,\"queryType\":\"LIKE\",\"required\":true,\"sort\":2,\"superColumn\":false,\"tableId\":1,\"updateBy\":\"\",\"updateTime\":\"2025-02-05 20:12:17\",\"usableColumn\":false},{\"capJavaField\":\"Status\",\"columnComment\":\"售货机状态\",\"columnId\":3,\"columnName\":\"status\",\"columnType\":\"varchar(20)\",\"createBy\":\"admin\",\"createTime\":\"2024-11-20 21:02:41\",\"dictType\":\"vem_status\",\"edit\":true,\"htmlType\":\"select\",\"increment\":false,\"insert\":true,\"isEdit\":\"1\",\"isIncrement\":\"0\",\"isInsert\":\"1\",\"isList\":\"1\",\"isPk\":\"0\",\"isQuery\":\"1\",\"isRequired\":\"1\",\"javaField\":\"status\",\"javaType\":\"String\",\"list\":true,\"params\":{},\"pk\":false,\"query\":true,\"queryType\":\"EQ\",\"required\":true,\"sort\":3,\"superColumn\":false,\"tableId\":1,\"updateBy\":\"\",\"updateTime\":\"2025-02-05 20:12:17\",\"usableColumn\":false},{\"capJavaField\":\"Version\",\"columnComment\":\"售货机公司品牌\",\"columnId\":4,\"columnName\":\"version\",\"columnType\":\"varchar(20)\",\"createBy\":\"admin\",\"createTime\":\"2024-11-20 21:02:41\",\"dictType\":\"\",\"edit\":true,\"htmlType\":\"input\",\"inc','{\"msg\":\"操作成功\",\"code\":200}',0,NULL,'2025-02-05 20:33:20',16),(128,'代码生成',8,'com.ruoyi.generator.controller.GenController.batchGenCode()','GET',1,'admin','研发部门','/tool/gen/batchGenCode','127.0.0.1','内网IP','{\"tables\":\"vem_info\"}',NULL,0,NULL,'2025-02-05 20:33:24',48),(129,'参数管理',2,'com.ruoyi.web.controller.system.SysConfigController.edit()','PUT',1,'admin','研发部门','/system/config','127.0.0.1','内网IP','{\"configId\":4,\"configKey\":\"sys.account.captchaEnabled\",\"configName\":\"账号自助-验证码开关\",\"configType\":\"Y\",\"configValue\":\"false\",\"createBy\":\"admin\",\"createTime\":\"2024-11-13 20:55:02\",\"params\":{},\"remark\":\"是否开启验证码功能（true开启，false关闭）\",\"updateBy\":\"admin\"}','{\"msg\":\"操作成功\",\"code\":200}',0,NULL,'2025-02-05 21:34:38',29),(130,'代码生成',2,'com.ruoyi.generator.controller.GenController.editSave()','PUT',1,'admin','研发部门','/tool/gen','127.0.0.1','内网IP','{\"businessName\":\"info\",\"className\":\"VemInfo\",\"columns\":[{\"capJavaField\":\"Id\",\"columnComment\":\"售货机id\",\"columnId\":1,\"columnName\":\"id\",\"columnType\":\"int\",\"createBy\":\"admin\",\"createTime\":\"2024-11-20 21:02:41\",\"dictType\":\"\",\"edit\":true,\"htmlType\":\"input\",\"increment\":true,\"insert\":true,\"isEdit\":\"1\",\"isIncrement\":\"1\",\"isInsert\":\"1\",\"isList\":\"1\",\"isPk\":\"1\",\"isQuery\":\"1\",\"isRequired\":\"1\",\"javaField\":\"id\",\"javaType\":\"Long\",\"list\":true,\"params\":{},\"pk\":true,\"query\":true,\"queryType\":\"EQ\",\"required\":true,\"sort\":1,\"superColumn\":false,\"tableId\":1,\"updateBy\":\"\",\"updateTime\":\"2025-02-05 20:33:20\",\"usableColumn\":false},{\"capJavaField\":\"Location\",\"columnComment\":\"售货机位置\",\"columnId\":2,\"columnName\":\"location\",\"columnType\":\"varchar(50)\",\"createBy\":\"admin\",\"createTime\":\"2024-11-20 21:02:41\",\"dictType\":\"\",\"edit\":true,\"htmlType\":\"input\",\"increment\":false,\"insert\":true,\"isEdit\":\"1\",\"isIncrement\":\"0\",\"isInsert\":\"1\",\"isList\":\"1\",\"isPk\":\"0\",\"isQuery\":\"1\",\"isRequired\":\"1\",\"javaField\":\"location\",\"javaType\":\"String\",\"list\":true,\"params\":{},\"pk\":false,\"query\":true,\"queryType\":\"LIKE\",\"required\":true,\"sort\":2,\"superColumn\":false,\"tableId\":1,\"updateBy\":\"\",\"updateTime\":\"2025-02-05 20:33:20\",\"usableColumn\":false},{\"capJavaField\":\"Status\",\"columnComment\":\"售货机状态\",\"columnId\":3,\"columnName\":\"status\",\"columnType\":\"varchar(20)\",\"createBy\":\"admin\",\"createTime\":\"2024-11-20 21:02:41\",\"dictType\":\"vem_status\",\"edit\":true,\"htmlType\":\"select\",\"increment\":false,\"insert\":true,\"isEdit\":\"1\",\"isIncrement\":\"0\",\"isInsert\":\"1\",\"isList\":\"1\",\"isPk\":\"0\",\"isQuery\":\"1\",\"isRequired\":\"1\",\"javaField\":\"status\",\"javaType\":\"String\",\"list\":true,\"params\":{},\"pk\":false,\"query\":true,\"queryType\":\"EQ\",\"required\":true,\"sort\":3,\"superColumn\":false,\"tableId\":1,\"updateBy\":\"\",\"updateTime\":\"2025-02-05 20:33:20\",\"usableColumn\":false},{\"capJavaField\":\"Version\",\"columnComment\":\"售货机公司品牌\",\"columnId\":4,\"columnName\":\"version\",\"columnType\":\"varchar(20)\",\"createBy\":\"admin\",\"createTime\":\"2024-11-20 21:02:41\",\"dictType\":\"\",\"edit\":true,\"htmlType\":\"input\",\"inc','{\"msg\":\"操作成功\",\"code\":200}',0,NULL,'2025-02-12 20:53:32',45),(131,'代码生成',8,'com.ruoyi.generator.controller.GenController.batchGenCode()','GET',1,'admin','研发部门','/tool/gen/batchGenCode','127.0.0.1','内网IP','{\"tables\":\"vem_info\"}',NULL,0,NULL,'2025-02-12 20:53:35',255),(132,'代码生成',2,'com.ruoyi.generator.controller.GenController.editSave()','PUT',1,'admin','研发部门','/tool/gen','127.0.0.1','内网IP','{\"businessName\":\"info\",\"className\":\"VemInfo\",\"columns\":[{\"capJavaField\":\"Id\",\"columnComment\":\"售货机id\",\"columnId\":1,\"columnName\":\"id\",\"columnType\":\"int\",\"createBy\":\"admin\",\"createTime\":\"2024-11-20 21:02:41\",\"dictType\":\"\",\"edit\":true,\"htmlType\":\"input\",\"increment\":true,\"insert\":true,\"isEdit\":\"1\",\"isIncrement\":\"1\",\"isInsert\":\"1\",\"isList\":\"1\",\"isPk\":\"1\",\"isQuery\":\"1\",\"isRequired\":\"1\",\"javaField\":\"id\",\"javaType\":\"Long\",\"list\":true,\"params\":{},\"pk\":true,\"query\":true,\"queryType\":\"EQ\",\"required\":true,\"sort\":1,\"superColumn\":false,\"tableId\":1,\"updateBy\":\"\",\"updateTime\":\"2025-02-12 20:53:32\",\"usableColumn\":false},{\"capJavaField\":\"Location\",\"columnComment\":\"售货机位置\",\"columnId\":2,\"columnName\":\"location\",\"columnType\":\"varchar(50)\",\"createBy\":\"admin\",\"createTime\":\"2024-11-20 21:02:41\",\"dictType\":\"\",\"edit\":true,\"htmlType\":\"input\",\"increment\":false,\"insert\":true,\"isEdit\":\"1\",\"isIncrement\":\"0\",\"isInsert\":\"1\",\"isList\":\"1\",\"isPk\":\"0\",\"isQuery\":\"1\",\"isRequired\":\"1\",\"javaField\":\"location\",\"javaType\":\"String\",\"list\":true,\"params\":{},\"pk\":false,\"query\":true,\"queryType\":\"LIKE\",\"required\":true,\"sort\":2,\"superColumn\":false,\"tableId\":1,\"updateBy\":\"\",\"updateTime\":\"2025-02-12 20:53:32\",\"usableColumn\":false},{\"capJavaField\":\"Status\",\"columnComment\":\"售货机状态\",\"columnId\":3,\"columnName\":\"status\",\"columnType\":\"varchar(20)\",\"createBy\":\"admin\",\"createTime\":\"2024-11-20 21:02:41\",\"dictType\":\"vem_status\",\"edit\":true,\"htmlType\":\"select\",\"increment\":false,\"insert\":true,\"isEdit\":\"1\",\"isIncrement\":\"0\",\"isInsert\":\"1\",\"isList\":\"1\",\"isPk\":\"0\",\"isQuery\":\"1\",\"isRequired\":\"1\",\"javaField\":\"status\",\"javaType\":\"String\",\"list\":true,\"params\":{},\"pk\":false,\"query\":true,\"queryType\":\"EQ\",\"required\":true,\"sort\":3,\"superColumn\":false,\"tableId\":1,\"updateBy\":\"\",\"updateTime\":\"2025-02-12 20:53:32\",\"usableColumn\":false},{\"capJavaField\":\"Version\",\"columnComment\":\"售货机公司品牌\",\"columnId\":4,\"columnName\":\"version\",\"columnType\":\"varchar(20)\",\"createBy\":\"admin\",\"createTime\":\"2024-11-20 21:02:41\",\"dictType\":\"\",\"edit\":true,\"htmlType\":\"input\",\"inc','{\"msg\":\"操作成功\",\"code\":200}',0,NULL,'2025-02-12 21:09:34',46),(133,'代码生成',8,'com.ruoyi.generator.controller.GenController.batchGenCode()','GET',1,'admin','研发部门','/tool/gen/batchGenCode','127.0.0.1','内网IP','{\"tables\":\"vem_info\"}',NULL,0,NULL,'2025-02-12 21:09:37',265),(134,'代码生成',6,'com.ruoyi.generator.controller.GenController.importTableSave()','POST',1,'admin','研发部门','/tool/gen/importTable','127.0.0.1','内网IP','{\"tables\":\"vending_machine_sales,product_info\"}','{\"msg\":\"操作成功\",\"code\":200}',0,NULL,'2025-02-15 17:06:11',102),(135,'代码生成',2,'com.ruoyi.generator.controller.GenController.editSave()','PUT',1,'admin','研发部门','/tool/gen','127.0.0.1','内网IP','{\"businessName\":\"sales\",\"className\":\"VendingMachineSales\",\"columns\":[{\"capJavaField\":\"Id\",\"columnComment\":\"销售记录ID（主键自增）\",\"columnId\":20,\"columnName\":\"id\",\"columnType\":\"int\",\"createBy\":\"admin\",\"createTime\":\"2025-02-15 17:06:11\",\"dictType\":\"\",\"edit\":false,\"htmlType\":\"input\",\"increment\":true,\"insert\":false,\"isIncrement\":\"1\",\"isInsert\":\"0\",\"isPk\":\"1\",\"isRequired\":\"0\",\"javaField\":\"id\",\"javaType\":\"Long\",\"list\":false,\"params\":{},\"pk\":true,\"query\":false,\"queryType\":\"EQ\",\"required\":false,\"sort\":1,\"superColumn\":false,\"tableId\":3,\"updateBy\":\"\",\"usableColumn\":false},{\"capJavaField\":\"VemId\",\"columnComment\":\"售货机ID（外键，关联vem_info表）\",\"columnId\":21,\"columnName\":\"vem_id\",\"columnType\":\"int\",\"createBy\":\"admin\",\"createTime\":\"2025-02-15 17:06:11\",\"dictType\":\"\",\"edit\":true,\"htmlType\":\"input\",\"increment\":false,\"insert\":true,\"isEdit\":\"1\",\"isIncrement\":\"0\",\"isInsert\":\"1\",\"isList\":\"1\",\"isPk\":\"0\",\"isQuery\":\"1\",\"isRequired\":\"1\",\"javaField\":\"vemId\",\"javaType\":\"Long\",\"list\":true,\"params\":{},\"pk\":false,\"query\":true,\"queryType\":\"EQ\",\"required\":true,\"sort\":2,\"superColumn\":false,\"tableId\":3,\"updateBy\":\"\",\"usableColumn\":false},{\"capJavaField\":\"ProductId\",\"columnComment\":\"商品ID（外键，关联Product_info表）\",\"columnId\":22,\"columnName\":\"product_id\",\"columnType\":\"int\",\"createBy\":\"admin\",\"createTime\":\"2025-02-15 17:06:11\",\"dictType\":\"\",\"edit\":true,\"htmlType\":\"input\",\"increment\":false,\"insert\":true,\"isEdit\":\"1\",\"isIncrement\":\"0\",\"isInsert\":\"1\",\"isList\":\"1\",\"isPk\":\"0\",\"isQuery\":\"1\",\"isRequired\":\"1\",\"javaField\":\"productId\",\"javaType\":\"Long\",\"list\":true,\"params\":{},\"pk\":false,\"query\":true,\"queryType\":\"EQ\",\"required\":true,\"sort\":3,\"superColumn\":false,\"tableId\":3,\"updateBy\":\"\",\"usableColumn\":false},{\"capJavaField\":\"SoldQuantity\",\"columnComment\":\"售出件数\",\"columnId\":23,\"columnName\":\"sold_quantity\",\"columnType\":\"int\",\"createBy\":\"admin\",\"createTime\":\"2025-02-15 17:06:11\",\"dictType\":\"\",\"edit\":true,\"htmlType\":\"input\",\"increment\":false,\"insert\":true,\"isEdit\":\"1\",\"isIncrement\":\"0\",\"isInsert\":\"1\",\"isList\":\"1\",\"isPk\":\"0\",\"isQuery\":\"0\",','{\"msg\":\"操作成功\",\"code\":200}',0,NULL,'2025-02-15 17:08:31',32),(136,'字典类型',1,'com.ruoyi.web.controller.system.SysDictTypeController.add()','POST',1,'admin','研发部门','/system/dict/type','127.0.0.1','内网IP','{\"createBy\":\"admin\",\"dictName\":\"是否售罄\",\"dictType\":\"sell_out\",\"params\":{},\"remark\":\"表示商品是否售罄\",\"status\":\"0\"}','{\"msg\":\"操作成功\",\"code\":200}',0,NULL,'2025-02-15 17:09:17',12),(137,'字典数据',1,'com.ruoyi.web.controller.system.SysDictDataController.add()','POST',1,'admin','研发部门','/system/dict/data','127.0.0.1','内网IP','{\"createBy\":\"admin\",\"default\":false,\"dictLabel\":\"售罄\",\"dictSort\":1,\"dictType\":\"sell_out\",\"dictValue\":\"0\",\"listClass\":\"default\",\"params\":{},\"status\":\"0\"}','{\"msg\":\"操作成功\",\"code\":200}',0,NULL,'2025-02-15 17:10:07',8),(138,'字典数据',1,'com.ruoyi.web.controller.system.SysDictDataController.add()','POST',1,'admin','研发部门','/system/dict/data','127.0.0.1','内网IP','{\"createBy\":\"admin\",\"default\":false,\"dictLabel\":\"未售罄\",\"dictSort\":1,\"dictType\":\"sell_out\",\"dictValue\":\"1\",\"listClass\":\"default\",\"params\":{},\"status\":\"0\"}','{\"msg\":\"操作成功\",\"code\":200}',0,NULL,'2025-02-15 17:10:36',8),(139,'字典数据',2,'com.ruoyi.web.controller.system.SysDictDataController.edit()','PUT',1,'admin','研发部门','/system/dict/data','127.0.0.1','内网IP','{\"createBy\":\"admin\",\"createTime\":\"2025-02-15 17:10:36\",\"default\":false,\"dictCode\":108,\"dictLabel\":\"未售罄\",\"dictSort\":2,\"dictType\":\"sell_out\",\"dictValue\":\"1\",\"isDefault\":\"N\",\"listClass\":\"default\",\"params\":{},\"status\":\"0\",\"updateBy\":\"admin\"}','{\"msg\":\"操作成功\",\"code\":200}',0,NULL,'2025-02-15 17:10:41',7),(140,'代码生成',2,'com.ruoyi.generator.controller.GenController.editSave()','PUT',1,'admin','研发部门','/tool/gen','127.0.0.1','内网IP','{\"businessName\":\"sales\",\"className\":\"VendingMachineSales\",\"columns\":[{\"capJavaField\":\"Id\",\"columnComment\":\"销售记录ID（主键自增）\",\"columnId\":20,\"columnName\":\"id\",\"columnType\":\"int\",\"createBy\":\"admin\",\"createTime\":\"2025-02-15 17:06:11\",\"dictType\":\"\",\"edit\":false,\"htmlType\":\"input\",\"increment\":true,\"insert\":false,\"isIncrement\":\"1\",\"isInsert\":\"0\",\"isList\":\"1\",\"isPk\":\"1\",\"isQuery\":\"1\",\"isRequired\":\"0\",\"javaField\":\"id\",\"javaType\":\"Long\",\"list\":true,\"params\":{},\"pk\":true,\"query\":true,\"queryType\":\"EQ\",\"required\":false,\"sort\":1,\"superColumn\":false,\"tableId\":3,\"updateBy\":\"\",\"updateTime\":\"2025-02-15 17:08:31\",\"usableColumn\":false},{\"capJavaField\":\"VemId\",\"columnComment\":\"售货机ID（外键，关联vem_info表）\",\"columnId\":21,\"columnName\":\"vem_id\",\"columnType\":\"int\",\"createBy\":\"admin\",\"createTime\":\"2025-02-15 17:06:11\",\"dictType\":\"\",\"edit\":true,\"htmlType\":\"input\",\"increment\":false,\"insert\":true,\"isEdit\":\"1\",\"isIncrement\":\"0\",\"isInsert\":\"1\",\"isList\":\"1\",\"isPk\":\"0\",\"isQuery\":\"1\",\"isRequired\":\"1\",\"javaField\":\"vemId\",\"javaType\":\"Long\",\"list\":true,\"params\":{},\"pk\":false,\"query\":true,\"queryType\":\"EQ\",\"required\":true,\"sort\":2,\"superColumn\":false,\"tableId\":3,\"updateBy\":\"\",\"updateTime\":\"2025-02-15 17:08:31\",\"usableColumn\":false},{\"capJavaField\":\"ProductId\",\"columnComment\":\"商品ID（外键，关联Product_info表）\",\"columnId\":22,\"columnName\":\"product_id\",\"columnType\":\"int\",\"createBy\":\"admin\",\"createTime\":\"2025-02-15 17:06:11\",\"dictType\":\"\",\"edit\":true,\"htmlType\":\"input\",\"increment\":false,\"insert\":true,\"isEdit\":\"1\",\"isIncrement\":\"0\",\"isInsert\":\"1\",\"isList\":\"1\",\"isPk\":\"0\",\"isQuery\":\"1\",\"isRequired\":\"1\",\"javaField\":\"productId\",\"javaType\":\"Long\",\"list\":true,\"params\":{},\"pk\":false,\"query\":true,\"queryType\":\"EQ\",\"required\":true,\"sort\":3,\"superColumn\":false,\"tableId\":3,\"updateBy\":\"\",\"updateTime\":\"2025-02-15 17:08:31\",\"usableColumn\":false},{\"capJavaField\":\"SoldQuantity\",\"columnComment\":\"售出件数\",\"columnId\":23,\"columnName\":\"sold_quantity\",\"columnType\":\"int\",\"createBy\":\"admin\",\"createTime\":\"2025-02-15 17:06:11\",\"dictType\":\"\",\"edit\":true,\"html','{\"msg\":\"操作成功\",\"code\":200}',0,NULL,'2025-02-15 17:12:47',21),(141,'代码生成',2,'com.ruoyi.generator.controller.GenController.editSave()','PUT',1,'admin','研发部门','/tool/gen','127.0.0.1','内网IP','{\"businessName\":\"sales\",\"className\":\"VendingMachineSales\",\"columns\":[{\"capJavaField\":\"Id\",\"columnComment\":\"销售记录ID（主键自增）\",\"columnId\":20,\"columnName\":\"id\",\"columnType\":\"int\",\"createBy\":\"admin\",\"createTime\":\"2025-02-15 17:06:11\",\"dictType\":\"\",\"edit\":false,\"htmlType\":\"input\",\"increment\":true,\"insert\":false,\"isIncrement\":\"1\",\"isInsert\":\"0\",\"isList\":\"1\",\"isPk\":\"1\",\"isQuery\":\"1\",\"isRequired\":\"0\",\"javaField\":\"id\",\"javaType\":\"Long\",\"list\":true,\"params\":{},\"pk\":true,\"query\":true,\"queryType\":\"EQ\",\"required\":false,\"sort\":1,\"superColumn\":false,\"tableId\":3,\"updateBy\":\"\",\"updateTime\":\"2025-02-15 17:12:47\",\"usableColumn\":false},{\"capJavaField\":\"VemId\",\"columnComment\":\"售货机ID（外键，关联vem_info表）\",\"columnId\":21,\"columnName\":\"vem_id\",\"columnType\":\"int\",\"createBy\":\"admin\",\"createTime\":\"2025-02-15 17:06:11\",\"dictType\":\"\",\"edit\":true,\"htmlType\":\"input\",\"increment\":false,\"insert\":true,\"isEdit\":\"1\",\"isIncrement\":\"0\",\"isInsert\":\"1\",\"isList\":\"1\",\"isPk\":\"0\",\"isQuery\":\"1\",\"isRequired\":\"1\",\"javaField\":\"vemId\",\"javaType\":\"Long\",\"list\":true,\"params\":{},\"pk\":false,\"query\":true,\"queryType\":\"EQ\",\"required\":true,\"sort\":2,\"superColumn\":false,\"tableId\":3,\"updateBy\":\"\",\"updateTime\":\"2025-02-15 17:12:47\",\"usableColumn\":false},{\"capJavaField\":\"ProductId\",\"columnComment\":\"商品ID（外键，关联Product_info表）\",\"columnId\":22,\"columnName\":\"product_id\",\"columnType\":\"int\",\"createBy\":\"admin\",\"createTime\":\"2025-02-15 17:06:11\",\"dictType\":\"\",\"edit\":true,\"htmlType\":\"input\",\"increment\":false,\"insert\":true,\"isEdit\":\"1\",\"isIncrement\":\"0\",\"isInsert\":\"1\",\"isList\":\"1\",\"isPk\":\"0\",\"isQuery\":\"1\",\"isRequired\":\"1\",\"javaField\":\"productId\",\"javaType\":\"Long\",\"list\":true,\"params\":{},\"pk\":false,\"query\":true,\"queryType\":\"EQ\",\"required\":true,\"sort\":3,\"superColumn\":false,\"tableId\":3,\"updateBy\":\"\",\"updateTime\":\"2025-02-15 17:12:47\",\"usableColumn\":false},{\"capJavaField\":\"SoldQuantity\",\"columnComment\":\"售出件数\",\"columnId\":23,\"columnName\":\"sold_quantity\",\"columnType\":\"int\",\"createBy\":\"admin\",\"createTime\":\"2025-02-15 17:06:11\",\"dictType\":\"\",\"edit\":true,\"html','{\"msg\":\"操作成功\",\"code\":200}',0,NULL,'2025-02-15 17:14:52',17),(142,'代码生成',2,'com.ruoyi.generator.controller.GenController.editSave()','PUT',1,'admin','研发部门','/tool/gen','127.0.0.1','内网IP','{\"businessName\":\"product_info\",\"className\":\"ProductInfo\",\"columns\":[{\"capJavaField\":\"Id\",\"columnComment\":\"商品id\",\"columnId\":11,\"columnName\":\"id\",\"columnType\":\"int\",\"createBy\":\"admin\",\"createTime\":\"2025-02-15 17:06:11\",\"dictType\":\"\",\"edit\":false,\"htmlType\":\"input\",\"increment\":false,\"insert\":true,\"isIncrement\":\"0\",\"isInsert\":\"1\",\"isPk\":\"0\",\"isRequired\":\"1\",\"javaField\":\"id\",\"javaType\":\"Long\",\"list\":false,\"params\":{},\"pk\":false,\"query\":false,\"queryType\":\"EQ\",\"required\":true,\"sort\":1,\"superColumn\":false,\"tableId\":2,\"updateBy\":\"\",\"usableColumn\":false},{\"capJavaField\":\"ProductName\",\"columnComment\":\"商品名称\",\"columnId\":12,\"columnName\":\"product_name\",\"columnType\":\"varchar(20)\",\"createBy\":\"admin\",\"createTime\":\"2025-02-15 17:06:11\",\"dictType\":\"\",\"edit\":true,\"htmlType\":\"input\",\"increment\":false,\"insert\":true,\"isEdit\":\"1\",\"isIncrement\":\"0\",\"isInsert\":\"1\",\"isList\":\"1\",\"isPk\":\"0\",\"isQuery\":\"1\",\"isRequired\":\"0\",\"javaField\":\"productName\",\"javaType\":\"String\",\"list\":true,\"params\":{},\"pk\":false,\"query\":true,\"queryType\":\"LIKE\",\"required\":false,\"sort\":2,\"superColumn\":false,\"tableId\":2,\"updateBy\":\"\",\"usableColumn\":false},{\"capJavaField\":\"ProductNumber\",\"columnComment\":\"商品数量\",\"columnId\":13,\"columnName\":\"product_number\",\"columnType\":\"int\",\"createBy\":\"admin\",\"createTime\":\"2025-02-15 17:06:11\",\"dictType\":\"\",\"edit\":true,\"htmlType\":\"input\",\"increment\":false,\"insert\":true,\"isEdit\":\"1\",\"isIncrement\":\"0\",\"isInsert\":\"1\",\"isList\":\"1\",\"isPk\":\"0\",\"isQuery\":\"1\",\"isRequired\":\"0\",\"javaField\":\"productNumber\",\"javaType\":\"Long\",\"list\":true,\"params\":{},\"pk\":false,\"query\":true,\"queryType\":\"EQ\",\"required\":false,\"sort\":3,\"superColumn\":false,\"tableId\":2,\"updateBy\":\"\",\"usableColumn\":false},{\"capJavaField\":\"ProductCost\",\"columnComment\":\"商品进价\",\"columnId\":14,\"columnName\":\"product_cost\",\"columnType\":\"decimal(10,0)\",\"createBy\":\"admin\",\"createTime\":\"2025-02-15 17:06:11\",\"dictType\":\"\",\"edit\":true,\"htmlType\":\"input\",\"increment\":false,\"insert\":true,\"isEdit\":\"1\",\"isIncrement\":\"0\",\"isInsert\":\"1\",\"isList\":\"1\",\"isPk\":\"0\",\"isQuery','{\"msg\":\"操作成功\",\"code\":200}',0,NULL,'2025-02-15 17:15:56',18),(143,'代码生成',2,'com.ruoyi.generator.controller.GenController.editSave()','PUT',1,'admin','研发部门','/tool/gen','127.0.0.1','内网IP','{\"businessName\":\"info\",\"className\":\"VemInfo\",\"columns\":[{\"capJavaField\":\"Id\",\"columnComment\":\"售货机id\",\"columnId\":1,\"columnName\":\"id\",\"columnType\":\"int\",\"createBy\":\"admin\",\"createTime\":\"2024-11-20 21:02:41\",\"dictType\":\"\",\"edit\":true,\"htmlType\":\"input\",\"increment\":true,\"insert\":true,\"isEdit\":\"1\",\"isIncrement\":\"1\",\"isInsert\":\"1\",\"isList\":\"1\",\"isPk\":\"1\",\"isQuery\":\"1\",\"isRequired\":\"1\",\"javaField\":\"id\",\"javaType\":\"Long\",\"list\":true,\"params\":{},\"pk\":true,\"query\":true,\"queryType\":\"EQ\",\"required\":true,\"sort\":1,\"superColumn\":false,\"tableId\":1,\"updateBy\":\"\",\"updateTime\":\"2025-02-12 21:09:34\",\"usableColumn\":false},{\"capJavaField\":\"Location\",\"columnComment\":\"售货机位置\",\"columnId\":2,\"columnName\":\"location\",\"columnType\":\"varchar(50)\",\"createBy\":\"admin\",\"createTime\":\"2024-11-20 21:02:41\",\"dictType\":\"\",\"edit\":true,\"htmlType\":\"input\",\"increment\":false,\"insert\":true,\"isEdit\":\"1\",\"isIncrement\":\"0\",\"isInsert\":\"1\",\"isList\":\"1\",\"isPk\":\"0\",\"isQuery\":\"1\",\"isRequired\":\"1\",\"javaField\":\"location\",\"javaType\":\"String\",\"list\":true,\"params\":{},\"pk\":false,\"query\":true,\"queryType\":\"LIKE\",\"required\":true,\"sort\":2,\"superColumn\":false,\"tableId\":1,\"updateBy\":\"\",\"updateTime\":\"2025-02-12 21:09:34\",\"usableColumn\":false},{\"capJavaField\":\"Status\",\"columnComment\":\"售货机状态\",\"columnId\":3,\"columnName\":\"status\",\"columnType\":\"varchar(20)\",\"createBy\":\"admin\",\"createTime\":\"2024-11-20 21:02:41\",\"dictType\":\"vem_status\",\"edit\":true,\"htmlType\":\"select\",\"increment\":false,\"insert\":true,\"isEdit\":\"1\",\"isIncrement\":\"0\",\"isInsert\":\"1\",\"isList\":\"1\",\"isPk\":\"0\",\"isQuery\":\"1\",\"isRequired\":\"1\",\"javaField\":\"status\",\"javaType\":\"String\",\"list\":true,\"params\":{},\"pk\":false,\"query\":true,\"queryType\":\"EQ\",\"required\":true,\"sort\":3,\"superColumn\":false,\"tableId\":1,\"updateBy\":\"\",\"updateTime\":\"2025-02-12 21:09:34\",\"usableColumn\":false},{\"capJavaField\":\"Version\",\"columnComment\":\"售货机公司品牌\",\"columnId\":4,\"columnName\":\"version\",\"columnType\":\"varchar(20)\",\"createBy\":\"admin\",\"createTime\":\"2024-11-20 21:02:41\",\"dictType\":\"\",\"edit\":true,\"htmlType\":\"input\",\"inc','{\"msg\":\"操作成功\",\"code\":200}',0,NULL,'2025-02-15 17:16:00',15),(144,'代码生成',2,'com.ruoyi.generator.controller.GenController.editSave()','PUT',1,'admin','研发部门','/tool/gen','127.0.0.1','内网IP','{\"businessName\":\"product_info\",\"className\":\"ProductInfo\",\"columns\":[{\"capJavaField\":\"Id\",\"columnComment\":\"商品id\",\"columnId\":11,\"columnName\":\"id\",\"columnType\":\"int\",\"createBy\":\"admin\",\"createTime\":\"2025-02-15 17:06:11\",\"dictType\":\"\",\"edit\":false,\"htmlType\":\"input\",\"increment\":false,\"insert\":true,\"isIncrement\":\"0\",\"isInsert\":\"1\",\"isPk\":\"0\",\"isRequired\":\"1\",\"javaField\":\"id\",\"javaType\":\"Long\",\"list\":false,\"params\":{},\"pk\":false,\"query\":false,\"queryType\":\"EQ\",\"required\":true,\"sort\":1,\"superColumn\":false,\"tableId\":2,\"updateBy\":\"\",\"updateTime\":\"2025-02-15 17:15:56\",\"usableColumn\":false},{\"capJavaField\":\"ProductName\",\"columnComment\":\"商品名称\",\"columnId\":12,\"columnName\":\"product_name\",\"columnType\":\"varchar(20)\",\"createBy\":\"admin\",\"createTime\":\"2025-02-15 17:06:11\",\"dictType\":\"\",\"edit\":true,\"htmlType\":\"input\",\"increment\":false,\"insert\":true,\"isEdit\":\"1\",\"isIncrement\":\"0\",\"isInsert\":\"1\",\"isList\":\"1\",\"isPk\":\"0\",\"isQuery\":\"1\",\"isRequired\":\"0\",\"javaField\":\"productName\",\"javaType\":\"String\",\"list\":true,\"params\":{},\"pk\":false,\"query\":true,\"queryType\":\"LIKE\",\"required\":false,\"sort\":2,\"superColumn\":false,\"tableId\":2,\"updateBy\":\"\",\"updateTime\":\"2025-02-15 17:15:56\",\"usableColumn\":false},{\"capJavaField\":\"ProductNumber\",\"columnComment\":\"商品数量\",\"columnId\":13,\"columnName\":\"product_number\",\"columnType\":\"int\",\"createBy\":\"admin\",\"createTime\":\"2025-02-15 17:06:11\",\"dictType\":\"\",\"edit\":true,\"htmlType\":\"input\",\"increment\":false,\"insert\":true,\"isEdit\":\"1\",\"isIncrement\":\"0\",\"isInsert\":\"1\",\"isList\":\"1\",\"isPk\":\"0\",\"isQuery\":\"1\",\"isRequired\":\"0\",\"javaField\":\"productNumber\",\"javaType\":\"Long\",\"list\":true,\"params\":{},\"pk\":false,\"query\":true,\"queryType\":\"EQ\",\"required\":false,\"sort\":3,\"superColumn\":false,\"tableId\":2,\"updateBy\":\"\",\"updateTime\":\"2025-02-15 17:15:56\",\"usableColumn\":false},{\"capJavaField\":\"ProductCost\",\"columnComment\":\"商品进价\",\"columnId\":14,\"columnName\":\"product_cost\",\"columnType\":\"decimal(10,0)\",\"createBy\":\"admin\",\"createTime\":\"2025-02-15 17:06:11\",\"dictType\":\"\",\"edit\":true,\"htmlType\":\"input\",\"incr','{\"msg\":\"操作成功\",\"code\":200}',0,NULL,'2025-02-15 17:16:20',14),(145,'代码生成',8,'com.ruoyi.generator.controller.GenController.batchGenCode()','GET',1,'admin','研发部门','/tool/gen/batchGenCode','127.0.0.1','内网IP','{\"tables\":\"product_info\"}',NULL,0,NULL,'2025-02-15 17:16:36',167),(146,'代码生成',8,'com.ruoyi.generator.controller.GenController.batchGenCode()','GET',1,'admin','研发部门','/tool/gen/batchGenCode','127.0.0.1','内网IP','{\"tables\":\"vending_machine_sales\"}',NULL,0,NULL,'2025-02-15 17:28:09',262),(147,'代码生成',2,'com.ruoyi.generator.controller.GenController.editSave()','PUT',1,'admin','研发部门','/tool/gen','127.0.0.1','内网IP','{\"businessName\":\"sales\",\"className\":\"VendingMachineSales\",\"columns\":[{\"capJavaField\":\"Id\",\"columnComment\":\"销售记录ID（主键自增）\",\"columnId\":20,\"columnName\":\"id\",\"columnType\":\"int\",\"createBy\":\"admin\",\"createTime\":\"2025-02-15 17:06:11\",\"dictType\":\"\",\"edit\":false,\"htmlType\":\"input\",\"increment\":true,\"insert\":false,\"isIncrement\":\"1\",\"isInsert\":\"0\",\"isList\":\"1\",\"isPk\":\"1\",\"isQuery\":\"1\",\"isRequired\":\"0\",\"javaField\":\"id\",\"javaType\":\"Long\",\"list\":true,\"params\":{},\"pk\":true,\"query\":true,\"queryType\":\"EQ\",\"required\":false,\"sort\":1,\"superColumn\":false,\"tableId\":3,\"updateBy\":\"\",\"updateTime\":\"2025-02-15 17:14:52\",\"usableColumn\":false},{\"capJavaField\":\"VemId\",\"columnComment\":\"售货机ID（外键，关联vem_info表）\",\"columnId\":21,\"columnName\":\"vem_id\",\"columnType\":\"int\",\"createBy\":\"admin\",\"createTime\":\"2025-02-15 17:06:11\",\"dictType\":\"\",\"edit\":true,\"htmlType\":\"input\",\"increment\":false,\"insert\":true,\"isEdit\":\"1\",\"isIncrement\":\"0\",\"isInsert\":\"1\",\"isList\":\"1\",\"isPk\":\"0\",\"isQuery\":\"1\",\"isRequired\":\"1\",\"javaField\":\"vemId\",\"javaType\":\"Long\",\"list\":true,\"params\":{},\"pk\":false,\"query\":true,\"queryType\":\"EQ\",\"required\":true,\"sort\":2,\"superColumn\":false,\"tableId\":3,\"updateBy\":\"\",\"updateTime\":\"2025-02-15 17:14:52\",\"usableColumn\":false},{\"capJavaField\":\"ProductId\",\"columnComment\":\"商品ID（外键，关联Product_info表）\",\"columnId\":22,\"columnName\":\"product_id\",\"columnType\":\"int\",\"createBy\":\"admin\",\"createTime\":\"2025-02-15 17:06:11\",\"dictType\":\"\",\"edit\":true,\"htmlType\":\"input\",\"increment\":false,\"insert\":true,\"isEdit\":\"1\",\"isIncrement\":\"0\",\"isInsert\":\"1\",\"isList\":\"1\",\"isPk\":\"0\",\"isQuery\":\"1\",\"isRequired\":\"1\",\"javaField\":\"productId\",\"javaType\":\"Long\",\"list\":true,\"params\":{},\"pk\":false,\"query\":true,\"queryType\":\"EQ\",\"required\":true,\"sort\":3,\"superColumn\":false,\"tableId\":3,\"updateBy\":\"\",\"updateTime\":\"2025-02-15 17:14:52\",\"usableColumn\":false},{\"capJavaField\":\"SoldQuantity\",\"columnComment\":\"售出件数\",\"columnId\":23,\"columnName\":\"sold_quantity\",\"columnType\":\"int\",\"createBy\":\"admin\",\"createTime\":\"2025-02-15 17:06:11\",\"dictType\":\"\",\"edit\":true,\"html','{\"msg\":\"操作成功\",\"code\":200}',0,NULL,'2025-02-15 17:47:28',72),(148,'代码生成',8,'com.ruoyi.generator.controller.GenController.batchGenCode()','GET',1,'admin','研发部门','/tool/gen/batchGenCode','127.0.0.1','内网IP','{\"tables\":\"product_info,vending_machine_sales\"}',NULL,0,NULL,'2025-02-15 17:47:36',312),(149,'代码生成',2,'com.ruoyi.generator.controller.GenController.editSave()','PUT',1,'admin','研发部门','/tool/gen','127.0.0.1','内网IP','{\"businessName\":\"product_info\",\"className\":\"ProductInfo\",\"columns\":[{\"capJavaField\":\"Id\",\"columnComment\":\"商品id\",\"columnId\":11,\"columnName\":\"id\",\"columnType\":\"int\",\"createBy\":\"admin\",\"createTime\":\"2025-02-15 17:06:11\",\"dictType\":\"\",\"edit\":true,\"htmlType\":\"input\",\"increment\":false,\"insert\":true,\"isEdit\":\"1\",\"isIncrement\":\"0\",\"isInsert\":\"1\",\"isList\":\"1\",\"isPk\":\"0\",\"isQuery\":\"1\",\"isRequired\":\"0\",\"javaField\":\"id\",\"javaType\":\"Long\",\"list\":true,\"params\":{},\"pk\":false,\"query\":true,\"queryType\":\"EQ\",\"required\":false,\"sort\":1,\"superColumn\":false,\"tableId\":2,\"updateBy\":\"\",\"updateTime\":\"2025-02-15 17:16:20\",\"usableColumn\":false},{\"capJavaField\":\"ProductName\",\"columnComment\":\"商品名称\",\"columnId\":12,\"columnName\":\"product_name\",\"columnType\":\"varchar(20)\",\"createBy\":\"admin\",\"createTime\":\"2025-02-15 17:06:11\",\"dictType\":\"\",\"edit\":true,\"htmlType\":\"input\",\"increment\":false,\"insert\":true,\"isEdit\":\"1\",\"isIncrement\":\"0\",\"isInsert\":\"1\",\"isList\":\"1\",\"isPk\":\"0\",\"isQuery\":\"1\",\"isRequired\":\"1\",\"javaField\":\"productName\",\"javaType\":\"String\",\"list\":true,\"params\":{},\"pk\":false,\"query\":true,\"queryType\":\"LIKE\",\"required\":true,\"sort\":2,\"superColumn\":false,\"tableId\":2,\"updateBy\":\"\",\"updateTime\":\"2025-02-15 17:16:20\",\"usableColumn\":false},{\"capJavaField\":\"ProductNumber\",\"columnComment\":\"商品数量\",\"columnId\":13,\"columnName\":\"product_number\",\"columnType\":\"int\",\"createBy\":\"admin\",\"createTime\":\"2025-02-15 17:06:11\",\"dictType\":\"\",\"edit\":true,\"htmlType\":\"input\",\"increment\":false,\"insert\":true,\"isEdit\":\"1\",\"isIncrement\":\"0\",\"isInsert\":\"1\",\"isList\":\"1\",\"isPk\":\"0\",\"isQuery\":\"1\",\"isRequired\":\"0\",\"javaField\":\"productNumber\",\"javaType\":\"Long\",\"list\":true,\"params\":{},\"pk\":false,\"query\":true,\"queryType\":\"EQ\",\"required\":false,\"sort\":3,\"superColumn\":false,\"tableId\":2,\"updateBy\":\"\",\"updateTime\":\"2025-02-15 17:16:20\",\"usableColumn\":false},{\"capJavaField\":\"ProductCost\",\"columnComment\":\"商品进价\",\"columnId\":14,\"columnName\":\"product_cost\",\"columnType\":\"decimal(10,0)\",\"createBy\":\"admin\",\"createTime\":\"2025-02-15 17:06:11\",\"dictType\":\"\"','{\"msg\":\"操作成功\",\"code\":200}',0,NULL,'2025-02-15 19:09:57',51),(150,'代码生成',8,'com.ruoyi.generator.controller.GenController.batchGenCode()','GET',1,'admin','研发部门','/tool/gen/batchGenCode','127.0.0.1','内网IP','{\"tables\":\"product_info\"}',NULL,0,NULL,'2025-02-15 19:10:00',204),(151,'代码生成',2,'com.ruoyi.generator.controller.GenController.editSave()','PUT',1,'admin','研发部门','/tool/gen','127.0.0.1','内网IP','{\"businessName\":\"product_info\",\"className\":\"ProductInfo\",\"columns\":[{\"capJavaField\":\"Id\",\"columnComment\":\"商品id\",\"columnId\":11,\"columnName\":\"id\",\"columnType\":\"int\",\"createBy\":\"admin\",\"createTime\":\"2025-02-15 17:06:11\",\"dictType\":\"\",\"edit\":true,\"htmlType\":\"input\",\"increment\":false,\"insert\":true,\"isEdit\":\"1\",\"isIncrement\":\"0\",\"isInsert\":\"1\",\"isList\":\"1\",\"isPk\":\"0\",\"isQuery\":\"1\",\"isRequired\":\"0\",\"javaField\":\"id\",\"javaType\":\"Long\",\"list\":true,\"params\":{},\"pk\":false,\"query\":true,\"queryType\":\"EQ\",\"required\":false,\"sort\":1,\"superColumn\":false,\"tableId\":2,\"updateBy\":\"\",\"updateTime\":\"2025-02-15 19:09:57\",\"usableColumn\":false},{\"capJavaField\":\"ProductName\",\"columnComment\":\"商品名称\",\"columnId\":12,\"columnName\":\"product_name\",\"columnType\":\"varchar(20)\",\"createBy\":\"admin\",\"createTime\":\"2025-02-15 17:06:11\",\"dictType\":\"\",\"edit\":true,\"htmlType\":\"input\",\"increment\":false,\"insert\":true,\"isEdit\":\"1\",\"isIncrement\":\"0\",\"isInsert\":\"1\",\"isList\":\"1\",\"isPk\":\"0\",\"isQuery\":\"1\",\"isRequired\":\"1\",\"javaField\":\"productName\",\"javaType\":\"String\",\"list\":true,\"params\":{},\"pk\":false,\"query\":true,\"queryType\":\"LIKE\",\"required\":true,\"sort\":2,\"superColumn\":false,\"tableId\":2,\"updateBy\":\"\",\"updateTime\":\"2025-02-15 19:09:57\",\"usableColumn\":false},{\"capJavaField\":\"ProductNumber\",\"columnComment\":\"商品数量\",\"columnId\":13,\"columnName\":\"product_number\",\"columnType\":\"int\",\"createBy\":\"admin\",\"createTime\":\"2025-02-15 17:06:11\",\"dictType\":\"\",\"edit\":true,\"htmlType\":\"input\",\"increment\":false,\"insert\":true,\"isEdit\":\"1\",\"isIncrement\":\"0\",\"isInsert\":\"1\",\"isList\":\"1\",\"isPk\":\"0\",\"isQuery\":\"1\",\"isRequired\":\"0\",\"javaField\":\"productNumber\",\"javaType\":\"Long\",\"list\":true,\"params\":{},\"pk\":false,\"query\":true,\"queryType\":\"EQ\",\"required\":false,\"sort\":3,\"superColumn\":false,\"tableId\":2,\"updateBy\":\"\",\"updateTime\":\"2025-02-15 19:09:57\",\"usableColumn\":false},{\"capJavaField\":\"ProductCost\",\"columnComment\":\"商品进价\",\"columnId\":14,\"columnName\":\"product_cost\",\"columnType\":\"decimal(10,0)\",\"createBy\":\"admin\",\"createTime\":\"2025-02-15 17:06:11\",\"dictType\":\"\"','{\"msg\":\"操作成功\",\"code\":200}',0,NULL,'2025-02-15 19:14:23',47),(152,'代码生成',8,'com.ruoyi.generator.controller.GenController.batchGenCode()','GET',1,'admin','研发部门','/tool/gen/batchGenCode','127.0.0.1','内网IP','{\"tables\":\"product_info\"}',NULL,0,NULL,'2025-02-15 19:14:38',189),(153,'代码生成',3,'com.ruoyi.generator.controller.GenController.remove()','DELETE',1,'admin','研发部门','/tool/gen/2','127.0.0.1','内网IP','[2]','{\"msg\":\"操作成功\",\"code\":200}',0,NULL,'2025-02-15 19:17:08',9),(154,'代码生成',6,'com.ruoyi.generator.controller.GenController.importTableSave()','POST',1,'admin','研发部门','/tool/gen/importTable','127.0.0.1','内网IP','{\"tables\":\"product_info\"}','{\"msg\":\"操作成功\",\"code\":200}',0,NULL,'2025-02-15 19:17:12',40),(155,'代码生成',2,'com.ruoyi.generator.controller.GenController.editSave()','PUT',1,'admin','研发部门','/tool/gen','127.0.0.1','内网IP','{\"businessName\":\"info\",\"className\":\"ProductInfo\",\"columns\":[{\"capJavaField\":\"Id\",\"columnComment\":\"商品id\",\"columnId\":30,\"columnName\":\"id\",\"columnType\":\"int\",\"createBy\":\"admin\",\"createTime\":\"2025-02-15 19:17:12\",\"dictType\":\"\",\"edit\":false,\"htmlType\":\"input\",\"increment\":false,\"insert\":true,\"isIncrement\":\"0\",\"isInsert\":\"1\",\"isPk\":\"0\",\"isRequired\":\"1\",\"javaField\":\"id\",\"javaType\":\"Long\",\"list\":false,\"params\":{},\"pk\":false,\"query\":false,\"queryType\":\"EQ\",\"required\":true,\"sort\":1,\"superColumn\":false,\"tableId\":4,\"updateBy\":\"\",\"usableColumn\":false},{\"capJavaField\":\"ProductName\",\"columnComment\":\"商品名称\",\"columnId\":31,\"columnName\":\"product_name\",\"columnType\":\"varchar(20)\",\"createBy\":\"admin\",\"createTime\":\"2025-02-15 19:17:12\",\"dictType\":\"\",\"edit\":true,\"htmlType\":\"input\",\"increment\":false,\"insert\":true,\"isEdit\":\"1\",\"isIncrement\":\"0\",\"isInsert\":\"1\",\"isList\":\"1\",\"isPk\":\"0\",\"isQuery\":\"1\",\"isRequired\":\"0\",\"javaField\":\"productName\",\"javaType\":\"String\",\"list\":true,\"params\":{},\"pk\":false,\"query\":true,\"queryType\":\"LIKE\",\"required\":false,\"sort\":2,\"superColumn\":false,\"tableId\":4,\"updateBy\":\"\",\"usableColumn\":false},{\"capJavaField\":\"ProductNumber\",\"columnComment\":\"商品数量\",\"columnId\":32,\"columnName\":\"product_number\",\"columnType\":\"int\",\"createBy\":\"admin\",\"createTime\":\"2025-02-15 19:17:12\",\"dictType\":\"\",\"edit\":true,\"htmlType\":\"input\",\"increment\":false,\"insert\":true,\"isEdit\":\"1\",\"isIncrement\":\"0\",\"isInsert\":\"1\",\"isList\":\"1\",\"isPk\":\"0\",\"isQuery\":\"1\",\"isRequired\":\"0\",\"javaField\":\"productNumber\",\"javaType\":\"Long\",\"list\":true,\"params\":{},\"pk\":false,\"query\":true,\"queryType\":\"EQ\",\"required\":false,\"sort\":3,\"superColumn\":false,\"tableId\":4,\"updateBy\":\"\",\"usableColumn\":false},{\"capJavaField\":\"ProductCost\",\"columnComment\":\"商品进价\",\"columnId\":33,\"columnName\":\"product_cost\",\"columnType\":\"decimal(10,0)\",\"createBy\":\"admin\",\"createTime\":\"2025-02-15 19:17:12\",\"dictType\":\"\",\"edit\":true,\"htmlType\":\"input\",\"increment\":false,\"insert\":true,\"isEdit\":\"1\",\"isIncrement\":\"0\",\"isInsert\":\"1\",\"isList\":\"1\",\"isPk\":\"0\",\"isQuery\":\"1\",\"i','{\"msg\":\"操作成功\",\"code\":200}',0,NULL,'2025-02-15 19:17:58',40),(156,'代码生成',2,'com.ruoyi.generator.controller.GenController.editSave()','PUT',1,'admin','研发部门','/tool/gen','127.0.0.1','内网IP','{\"businessName\":\"product\",\"className\":\"ProductInfo\",\"columns\":[{\"capJavaField\":\"Id\",\"columnComment\":\"商品id\",\"columnId\":30,\"columnName\":\"id\",\"columnType\":\"int\",\"createBy\":\"admin\",\"createTime\":\"2025-02-15 19:17:12\",\"dictType\":\"\",\"edit\":false,\"htmlType\":\"input\",\"increment\":false,\"insert\":true,\"isIncrement\":\"0\",\"isInsert\":\"1\",\"isPk\":\"0\",\"isRequired\":\"1\",\"javaField\":\"id\",\"javaType\":\"Long\",\"list\":false,\"params\":{},\"pk\":false,\"query\":false,\"queryType\":\"EQ\",\"required\":true,\"sort\":1,\"superColumn\":false,\"tableId\":4,\"updateBy\":\"\",\"updateTime\":\"2025-02-15 19:17:58\",\"usableColumn\":false},{\"capJavaField\":\"ProductName\",\"columnComment\":\"商品名称\",\"columnId\":31,\"columnName\":\"product_name\",\"columnType\":\"varchar(20)\",\"createBy\":\"admin\",\"createTime\":\"2025-02-15 19:17:12\",\"dictType\":\"\",\"edit\":true,\"htmlType\":\"input\",\"increment\":false,\"insert\":true,\"isEdit\":\"1\",\"isIncrement\":\"0\",\"isInsert\":\"1\",\"isList\":\"1\",\"isPk\":\"0\",\"isQuery\":\"1\",\"isRequired\":\"0\",\"javaField\":\"productName\",\"javaType\":\"String\",\"list\":true,\"params\":{},\"pk\":false,\"query\":true,\"queryType\":\"LIKE\",\"required\":false,\"sort\":2,\"superColumn\":false,\"tableId\":4,\"updateBy\":\"\",\"updateTime\":\"2025-02-15 19:17:58\",\"usableColumn\":false},{\"capJavaField\":\"ProductNumber\",\"columnComment\":\"商品数量\",\"columnId\":32,\"columnName\":\"product_number\",\"columnType\":\"int\",\"createBy\":\"admin\",\"createTime\":\"2025-02-15 19:17:12\",\"dictType\":\"\",\"edit\":true,\"htmlType\":\"input\",\"increment\":false,\"insert\":true,\"isEdit\":\"1\",\"isIncrement\":\"0\",\"isInsert\":\"1\",\"isList\":\"1\",\"isPk\":\"0\",\"isQuery\":\"1\",\"isRequired\":\"0\",\"javaField\":\"productNumber\",\"javaType\":\"Long\",\"list\":true,\"params\":{},\"pk\":false,\"query\":true,\"queryType\":\"EQ\",\"required\":false,\"sort\":3,\"superColumn\":false,\"tableId\":4,\"updateBy\":\"\",\"updateTime\":\"2025-02-15 19:17:58\",\"usableColumn\":false},{\"capJavaField\":\"ProductCost\",\"columnComment\":\"商品进价\",\"columnId\":33,\"columnName\":\"product_cost\",\"columnType\":\"decimal(10,0)\",\"createBy\":\"admin\",\"createTime\":\"2025-02-15 19:17:12\",\"dictType\":\"\",\"edit\":true,\"htmlType\":\"input\",\"increment','{\"msg\":\"操作成功\",\"code\":200}',0,NULL,'2025-02-15 19:18:53',17),(157,'代码生成',2,'com.ruoyi.generator.controller.GenController.editSave()','PUT',1,'admin','研发部门','/tool/gen','127.0.0.1','内网IP','{\"businessName\":\"product\",\"className\":\"ProductInfo\",\"columns\":[{\"capJavaField\":\"Id\",\"columnComment\":\"商品id\",\"columnId\":30,\"columnName\":\"id\",\"columnType\":\"int\",\"createBy\":\"admin\",\"createTime\":\"2025-02-15 19:17:12\",\"dictType\":\"\",\"edit\":false,\"htmlType\":\"input\",\"increment\":false,\"insert\":true,\"isIncrement\":\"0\",\"isInsert\":\"1\",\"isPk\":\"0\",\"isRequired\":\"1\",\"javaField\":\"id\",\"javaType\":\"Long\",\"list\":false,\"params\":{},\"pk\":false,\"query\":false,\"queryType\":\"EQ\",\"required\":true,\"sort\":1,\"superColumn\":false,\"tableId\":4,\"updateBy\":\"\",\"updateTime\":\"2025-02-15 19:18:53\",\"usableColumn\":false},{\"capJavaField\":\"ProductName\",\"columnComment\":\"商品名称\",\"columnId\":31,\"columnName\":\"product_name\",\"columnType\":\"varchar(20)\",\"createBy\":\"admin\",\"createTime\":\"2025-02-15 19:17:12\",\"dictType\":\"\",\"edit\":true,\"htmlType\":\"input\",\"increment\":false,\"insert\":true,\"isEdit\":\"1\",\"isIncrement\":\"0\",\"isInsert\":\"1\",\"isList\":\"1\",\"isPk\":\"0\",\"isQuery\":\"1\",\"isRequired\":\"0\",\"javaField\":\"productName\",\"javaType\":\"String\",\"list\":true,\"params\":{},\"pk\":false,\"query\":true,\"queryType\":\"LIKE\",\"required\":false,\"sort\":2,\"superColumn\":false,\"tableId\":4,\"updateBy\":\"\",\"updateTime\":\"2025-02-15 19:18:53\",\"usableColumn\":false},{\"capJavaField\":\"ProductNumber\",\"columnComment\":\"商品数量\",\"columnId\":32,\"columnName\":\"product_number\",\"columnType\":\"int\",\"createBy\":\"admin\",\"createTime\":\"2025-02-15 19:17:12\",\"dictType\":\"\",\"edit\":true,\"htmlType\":\"input\",\"increment\":false,\"insert\":true,\"isEdit\":\"1\",\"isIncrement\":\"0\",\"isInsert\":\"1\",\"isList\":\"1\",\"isPk\":\"0\",\"isQuery\":\"1\",\"isRequired\":\"0\",\"javaField\":\"productNumber\",\"javaType\":\"Long\",\"list\":true,\"params\":{},\"pk\":false,\"query\":true,\"queryType\":\"EQ\",\"required\":false,\"sort\":3,\"superColumn\":false,\"tableId\":4,\"updateBy\":\"\",\"updateTime\":\"2025-02-15 19:18:53\",\"usableColumn\":false},{\"capJavaField\":\"ProductCost\",\"columnComment\":\"商品进价\",\"columnId\":33,\"columnName\":\"product_cost\",\"columnType\":\"decimal(10,0)\",\"createBy\":\"admin\",\"createTime\":\"2025-02-15 19:17:12\",\"dictType\":\"\",\"edit\":true,\"htmlType\":\"input\",\"increment','{\"msg\":\"操作成功\",\"code\":200}',0,NULL,'2025-02-15 19:19:00',17),(158,'代码生成',8,'com.ruoyi.generator.controller.GenController.batchGenCode()','GET',1,'admin','研发部门','/tool/gen/batchGenCode','127.0.0.1','内网IP','{\"tables\":\"product_info\"}',NULL,0,NULL,'2025-02-15 19:19:05',90),(159,'代码生成',2,'com.ruoyi.generator.controller.GenController.editSave()','PUT',1,'admin','研发部门','/tool/gen','127.0.0.1','内网IP','{\"businessName\":\"product\",\"className\":\"ProductInfo\",\"columns\":[{\"capJavaField\":\"Id\",\"columnComment\":\"商品id\",\"columnId\":30,\"columnName\":\"id\",\"columnType\":\"int\",\"createBy\":\"admin\",\"createTime\":\"2025-02-15 19:17:12\",\"dictType\":\"\",\"edit\":false,\"htmlType\":\"input\",\"increment\":false,\"insert\":true,\"isIncrement\":\"0\",\"isInsert\":\"1\",\"isPk\":\"0\",\"isRequired\":\"1\",\"javaField\":\"id\",\"javaType\":\"Long\",\"list\":false,\"params\":{},\"pk\":false,\"query\":false,\"queryType\":\"EQ\",\"required\":true,\"sort\":1,\"superColumn\":false,\"tableId\":4,\"updateBy\":\"\",\"updateTime\":\"2025-02-15 19:19:00\",\"usableColumn\":false},{\"capJavaField\":\"ProductName\",\"columnComment\":\"商品名称\",\"columnId\":31,\"columnName\":\"product_name\",\"columnType\":\"varchar(20)\",\"createBy\":\"admin\",\"createTime\":\"2025-02-15 19:17:12\",\"dictType\":\"\",\"edit\":true,\"htmlType\":\"input\",\"increment\":false,\"insert\":true,\"isEdit\":\"1\",\"isIncrement\":\"0\",\"isInsert\":\"1\",\"isList\":\"1\",\"isPk\":\"0\",\"isQuery\":\"1\",\"isRequired\":\"0\",\"javaField\":\"productName\",\"javaType\":\"String\",\"list\":true,\"params\":{},\"pk\":false,\"query\":true,\"queryType\":\"LIKE\",\"required\":false,\"sort\":2,\"superColumn\":false,\"tableId\":4,\"updateBy\":\"\",\"updateTime\":\"2025-02-15 19:19:00\",\"usableColumn\":false},{\"capJavaField\":\"ProductNumber\",\"columnComment\":\"商品数量\",\"columnId\":32,\"columnName\":\"product_number\",\"columnType\":\"int\",\"createBy\":\"admin\",\"createTime\":\"2025-02-15 19:17:12\",\"dictType\":\"\",\"edit\":true,\"htmlType\":\"input\",\"increment\":false,\"insert\":true,\"isEdit\":\"1\",\"isIncrement\":\"0\",\"isInsert\":\"1\",\"isList\":\"1\",\"isPk\":\"0\",\"isQuery\":\"1\",\"isRequired\":\"0\",\"javaField\":\"productNumber\",\"javaType\":\"Long\",\"list\":true,\"params\":{},\"pk\":false,\"query\":true,\"queryType\":\"EQ\",\"required\":false,\"sort\":3,\"superColumn\":false,\"tableId\":4,\"updateBy\":\"\",\"updateTime\":\"2025-02-15 19:19:00\",\"usableColumn\":false},{\"capJavaField\":\"ProductCost\",\"columnComment\":\"商品进价\",\"columnId\":33,\"columnName\":\"product_cost\",\"columnType\":\"decimal(10,0)\",\"createBy\":\"admin\",\"createTime\":\"2025-02-15 19:17:12\",\"dictType\":\"\",\"edit\":true,\"htmlType\":\"input\",\"increment','{\"msg\":\"操作成功\",\"code\":200}',0,NULL,'2025-02-15 19:19:45',15),(160,'代码生成',8,'com.ruoyi.generator.controller.GenController.batchGenCode()','GET',1,'admin','研发部门','/tool/gen/batchGenCode','127.0.0.1','内网IP','{\"tables\":\"product_info\"}',NULL,0,NULL,'2025-02-15 19:19:57',79),(161,'代码生成',3,'com.ruoyi.generator.controller.GenController.remove()','DELETE',1,'admin','研发部门','/tool/gen/4','127.0.0.1','内网IP','[4]','{\"msg\":\"操作成功\",\"code\":200}',0,NULL,'2025-02-15 19:22:35',31),(162,'代码生成',6,'com.ruoyi.generator.controller.GenController.importTableSave()','POST',1,'admin','研发部门','/tool/gen/importTable','127.0.0.1','内网IP','{\"tables\":\"product_info\"}','{\"msg\":\"操作成功\",\"code\":200}',0,NULL,'2025-02-15 19:22:39',62),(163,'代码生成',2,'com.ruoyi.generator.controller.GenController.editSave()','PUT',1,'admin','研发部门','/tool/gen','127.0.0.1','内网IP','{\"businessName\":\"product\",\"className\":\"ProductInfo\",\"columns\":[{\"capJavaField\":\"Id\",\"columnComment\":\"商品id\",\"columnId\":39,\"columnName\":\"id\",\"columnType\":\"int\",\"createBy\":\"admin\",\"createTime\":\"2025-02-15 19:22:39\",\"dictType\":\"\",\"edit\":false,\"htmlType\":\"input\",\"increment\":false,\"insert\":true,\"isIncrement\":\"0\",\"isInsert\":\"1\",\"isPk\":\"0\",\"isRequired\":\"1\",\"javaField\":\"id\",\"javaType\":\"Long\",\"list\":false,\"params\":{},\"pk\":false,\"query\":false,\"queryType\":\"EQ\",\"required\":true,\"sort\":1,\"superColumn\":false,\"tableId\":5,\"updateBy\":\"\",\"usableColumn\":false},{\"capJavaField\":\"ProductName\",\"columnComment\":\"商品名称\",\"columnId\":40,\"columnName\":\"product_name\",\"columnType\":\"varchar(20)\",\"createBy\":\"admin\",\"createTime\":\"2025-02-15 19:22:39\",\"dictType\":\"\",\"edit\":true,\"htmlType\":\"input\",\"increment\":false,\"insert\":true,\"isEdit\":\"1\",\"isIncrement\":\"0\",\"isInsert\":\"1\",\"isList\":\"1\",\"isPk\":\"0\",\"isQuery\":\"1\",\"isRequired\":\"0\",\"javaField\":\"productName\",\"javaType\":\"String\",\"list\":true,\"params\":{},\"pk\":false,\"query\":true,\"queryType\":\"LIKE\",\"required\":false,\"sort\":2,\"superColumn\":false,\"tableId\":5,\"updateBy\":\"\",\"usableColumn\":false},{\"capJavaField\":\"ProductNumber\",\"columnComment\":\"商品数量\",\"columnId\":41,\"columnName\":\"product_number\",\"columnType\":\"int\",\"createBy\":\"admin\",\"createTime\":\"2025-02-15 19:22:39\",\"dictType\":\"\",\"edit\":true,\"htmlType\":\"input\",\"increment\":false,\"insert\":true,\"isEdit\":\"1\",\"isIncrement\":\"0\",\"isInsert\":\"1\",\"isList\":\"1\",\"isPk\":\"0\",\"isQuery\":\"1\",\"isRequired\":\"0\",\"javaField\":\"productNumber\",\"javaType\":\"Long\",\"list\":true,\"params\":{},\"pk\":false,\"query\":true,\"queryType\":\"EQ\",\"required\":false,\"sort\":3,\"superColumn\":false,\"tableId\":5,\"updateBy\":\"\",\"usableColumn\":false},{\"capJavaField\":\"ProductCost\",\"columnComment\":\"商品进价\",\"columnId\":42,\"columnName\":\"product_cost\",\"columnType\":\"decimal(10,0)\",\"createBy\":\"admin\",\"createTime\":\"2025-02-15 19:22:39\",\"dictType\":\"\",\"edit\":true,\"htmlType\":\"input\",\"increment\":false,\"insert\":true,\"isEdit\":\"1\",\"isIncrement\":\"0\",\"isInsert\":\"1\",\"isList\":\"1\",\"isPk\":\"0\",\"isQuery\":\"1\"','{\"msg\":\"操作成功\",\"code\":200}',0,NULL,'2025-02-15 19:22:57',33),(164,'代码生成',8,'com.ruoyi.generator.controller.GenController.batchGenCode()','GET',1,'admin','研发部门','/tool/gen/batchGenCode','127.0.0.1','内网IP','{\"tables\":\"product_info\"}',NULL,0,NULL,'2025-02-15 19:23:00',196),(165,'代码生成',2,'com.ruoyi.generator.controller.GenController.editSave()','PUT',1,'admin','研发部门','/tool/gen','127.0.0.1','内网IP','{\"businessName\":\"product\",\"className\":\"ProductInfo\",\"columns\":[{\"capJavaField\":\"Id\",\"columnComment\":\"商品id\",\"columnId\":39,\"columnName\":\"id\",\"columnType\":\"int\",\"createBy\":\"admin\",\"createTime\":\"2025-02-15 19:22:39\",\"dictType\":\"\",\"edit\":false,\"htmlType\":\"input\",\"increment\":false,\"insert\":true,\"isIncrement\":\"0\",\"isInsert\":\"1\",\"isPk\":\"0\",\"isRequired\":\"1\",\"javaField\":\"id\",\"javaType\":\"Long\",\"list\":false,\"params\":{},\"pk\":false,\"query\":false,\"queryType\":\"EQ\",\"required\":true,\"sort\":1,\"superColumn\":false,\"tableId\":5,\"updateBy\":\"\",\"updateTime\":\"2025-02-15 19:22:57\",\"usableColumn\":false},{\"capJavaField\":\"ProductName\",\"columnComment\":\"商品名称\",\"columnId\":40,\"columnName\":\"product_name\",\"columnType\":\"varchar(20)\",\"createBy\":\"admin\",\"createTime\":\"2025-02-15 19:22:39\",\"dictType\":\"\",\"edit\":true,\"htmlType\":\"input\",\"increment\":false,\"insert\":true,\"isEdit\":\"1\",\"isIncrement\":\"0\",\"isInsert\":\"1\",\"isList\":\"1\",\"isPk\":\"0\",\"isQuery\":\"1\",\"isRequired\":\"0\",\"javaField\":\"productName\",\"javaType\":\"String\",\"list\":true,\"params\":{},\"pk\":false,\"query\":true,\"queryType\":\"LIKE\",\"required\":false,\"sort\":2,\"superColumn\":false,\"tableId\":5,\"updateBy\":\"\",\"updateTime\":\"2025-02-15 19:22:57\",\"usableColumn\":false},{\"capJavaField\":\"ProductNumber\",\"columnComment\":\"商品数量\",\"columnId\":41,\"columnName\":\"product_number\",\"columnType\":\"int\",\"createBy\":\"admin\",\"createTime\":\"2025-02-15 19:22:39\",\"dictType\":\"\",\"edit\":true,\"htmlType\":\"input\",\"increment\":false,\"insert\":true,\"isEdit\":\"1\",\"isIncrement\":\"0\",\"isInsert\":\"1\",\"isList\":\"1\",\"isPk\":\"0\",\"isQuery\":\"1\",\"isRequired\":\"0\",\"javaField\":\"productNumber\",\"javaType\":\"Long\",\"list\":true,\"params\":{},\"pk\":false,\"query\":true,\"queryType\":\"EQ\",\"required\":false,\"sort\":3,\"superColumn\":false,\"tableId\":5,\"updateBy\":\"\",\"updateTime\":\"2025-02-15 19:22:57\",\"usableColumn\":false},{\"capJavaField\":\"ProductCost\",\"columnComment\":\"商品进价\",\"columnId\":42,\"columnName\":\"product_cost\",\"columnType\":\"decimal(10,0)\",\"createBy\":\"admin\",\"createTime\":\"2025-02-15 19:22:39\",\"dictType\":\"\",\"edit\":true,\"htmlType\":\"input\",\"increment','{\"msg\":\"操作成功\",\"code\":200}',0,NULL,'2025-02-15 19:31:35',49),(166,'代码生成',8,'com.ruoyi.generator.controller.GenController.batchGenCode()','GET',1,'admin','研发部门','/tool/gen/batchGenCode','127.0.0.1','内网IP','{\"tables\":\"product_info\"}',NULL,0,NULL,'2025-02-15 19:31:38',208),(167,'代码生成',2,'com.ruoyi.generator.controller.GenController.editSave()','PUT',1,'admin','研发部门','/tool/gen','127.0.0.1','内网IP','{\"businessName\":\"product\",\"className\":\"ProductInfo\",\"columns\":[{\"capJavaField\":\"Id\",\"columnComment\":\"商品id\",\"columnId\":39,\"columnName\":\"id\",\"columnType\":\"int\",\"createBy\":\"admin\",\"createTime\":\"2025-02-15 19:22:39\",\"dictType\":\"\",\"edit\":false,\"htmlType\":\"input\",\"increment\":false,\"insert\":true,\"isIncrement\":\"0\",\"isInsert\":\"1\",\"isPk\":\"0\",\"isRequired\":\"1\",\"javaField\":\"id\",\"javaType\":\"Long\",\"list\":false,\"params\":{},\"pk\":false,\"query\":false,\"queryType\":\"EQ\",\"required\":true,\"sort\":1,\"superColumn\":false,\"tableId\":5,\"updateBy\":\"\",\"updateTime\":\"2025-02-15 19:31:35\",\"usableColumn\":false},{\"capJavaField\":\"ProductName\",\"columnComment\":\"商品名称\",\"columnId\":40,\"columnName\":\"product_name\",\"columnType\":\"varchar(20)\",\"createBy\":\"admin\",\"createTime\":\"2025-02-15 19:22:39\",\"dictType\":\"\",\"edit\":true,\"htmlType\":\"input\",\"increment\":false,\"insert\":true,\"isEdit\":\"1\",\"isIncrement\":\"0\",\"isInsert\":\"1\",\"isList\":\"1\",\"isPk\":\"0\",\"isQuery\":\"1\",\"isRequired\":\"1\",\"javaField\":\"productName\",\"javaType\":\"String\",\"list\":true,\"params\":{},\"pk\":false,\"query\":true,\"queryType\":\"LIKE\",\"required\":true,\"sort\":2,\"superColumn\":false,\"tableId\":5,\"updateBy\":\"\",\"updateTime\":\"2025-02-15 19:31:35\",\"usableColumn\":false},{\"capJavaField\":\"ProductNumber\",\"columnComment\":\"商品数量\",\"columnId\":41,\"columnName\":\"product_number\",\"columnType\":\"int\",\"createBy\":\"admin\",\"createTime\":\"2025-02-15 19:22:39\",\"dictType\":\"\",\"edit\":true,\"htmlType\":\"input\",\"increment\":false,\"insert\":true,\"isEdit\":\"1\",\"isIncrement\":\"0\",\"isInsert\":\"1\",\"isList\":\"1\",\"isPk\":\"0\",\"isQuery\":\"1\",\"isRequired\":\"1\",\"javaField\":\"productNumber\",\"javaType\":\"Long\",\"list\":true,\"params\":{},\"pk\":false,\"query\":true,\"queryType\":\"EQ\",\"required\":true,\"sort\":3,\"superColumn\":false,\"tableId\":5,\"updateBy\":\"\",\"updateTime\":\"2025-02-15 19:31:35\",\"usableColumn\":false},{\"capJavaField\":\"ProductCost\",\"columnComment\":\"商品进价\",\"columnId\":42,\"columnName\":\"product_cost\",\"columnType\":\"decimal(10,0)\",\"createBy\":\"admin\",\"createTime\":\"2025-02-15 19:22:39\",\"dictType\":\"\",\"edit\":true,\"htmlType\":\"input\",\"increment\":','{\"msg\":\"操作成功\",\"code\":200}',0,NULL,'2025-02-15 19:49:39',59),(168,'代码生成',8,'com.ruoyi.generator.controller.GenController.batchGenCode()','GET',1,'admin','研发部门','/tool/gen/batchGenCode','127.0.0.1','内网IP','{\"tables\":\"product_info\"}',NULL,0,NULL,'2025-02-15 19:49:43',184),(169,'代码生成',2,'com.ruoyi.generator.controller.GenController.editSave()','PUT',1,'admin','研发部门','/tool/gen','127.0.0.1','内网IP','{\"businessName\":\"product\",\"className\":\"ProductInfo\",\"columns\":[{\"capJavaField\":\"Id\",\"columnComment\":\"商品id\",\"columnId\":39,\"columnName\":\"id\",\"columnType\":\"int\",\"createBy\":\"admin\",\"createTime\":\"2025-02-15 19:22:39\",\"dictType\":\"\",\"edit\":false,\"htmlType\":\"input\",\"increment\":false,\"insert\":true,\"isIncrement\":\"0\",\"isInsert\":\"1\",\"isPk\":\"0\",\"isRequired\":\"1\",\"javaField\":\"id\",\"javaType\":\"Long\",\"list\":false,\"params\":{},\"pk\":false,\"query\":false,\"queryType\":\"EQ\",\"required\":true,\"sort\":1,\"superColumn\":false,\"tableId\":5,\"updateBy\":\"\",\"updateTime\":\"2025-02-15 19:49:39\",\"usableColumn\":false},{\"capJavaField\":\"ProductName\",\"columnComment\":\"商品名称\",\"columnId\":40,\"columnName\":\"product_name\",\"columnType\":\"varchar(20)\",\"createBy\":\"admin\",\"createTime\":\"2025-02-15 19:22:39\",\"dictType\":\"\",\"edit\":true,\"htmlType\":\"input\",\"increment\":false,\"insert\":true,\"isEdit\":\"1\",\"isIncrement\":\"0\",\"isInsert\":\"1\",\"isList\":\"1\",\"isPk\":\"0\",\"isQuery\":\"1\",\"isRequired\":\"1\",\"javaField\":\"productName\",\"javaType\":\"String\",\"list\":true,\"params\":{},\"pk\":false,\"query\":true,\"queryType\":\"LIKE\",\"required\":true,\"sort\":2,\"superColumn\":false,\"tableId\":5,\"updateBy\":\"\",\"updateTime\":\"2025-02-15 19:49:39\",\"usableColumn\":false},{\"capJavaField\":\"ProductNumber\",\"columnComment\":\"商品数量\",\"columnId\":41,\"columnName\":\"product_number\",\"columnType\":\"int\",\"createBy\":\"admin\",\"createTime\":\"2025-02-15 19:22:39\",\"dictType\":\"\",\"edit\":true,\"htmlType\":\"input\",\"increment\":false,\"insert\":true,\"isEdit\":\"1\",\"isIncrement\":\"0\",\"isInsert\":\"1\",\"isList\":\"1\",\"isPk\":\"0\",\"isQuery\":\"1\",\"isRequired\":\"1\",\"javaField\":\"productNumber\",\"javaType\":\"Long\",\"list\":true,\"params\":{},\"pk\":false,\"query\":true,\"queryType\":\"EQ\",\"required\":true,\"sort\":3,\"superColumn\":false,\"tableId\":5,\"updateBy\":\"\",\"updateTime\":\"2025-02-15 19:49:39\",\"usableColumn\":false},{\"capJavaField\":\"ProductCost\",\"columnComment\":\"商品进价\",\"columnId\":42,\"columnName\":\"product_cost\",\"columnType\":\"decimal(10,0)\",\"createBy\":\"admin\",\"createTime\":\"2025-02-15 19:22:39\",\"dictType\":\"\",\"edit\":true,\"htmlType\":\"input\",\"increment\":','{\"msg\":\"操作成功\",\"code\":200}',0,NULL,'2025-02-15 19:52:50',21),(170,'代码生成',8,'com.ruoyi.generator.controller.GenController.batchGenCode()','GET',1,'admin','研发部门','/tool/gen/batchGenCode','127.0.0.1','内网IP','{\"tables\":\"product_info\"}',NULL,0,NULL,'2025-02-15 19:52:55',87),(171,'用户头像',2,'com.ruoyi.web.controller.system.SysProfileController.avatar()','POST',1,'admin','研发部门','/system/user/profile/avatar','127.0.0.1','内网IP','',NULL,1,'文件[mrx3 (12).ico]后缀[ico]不正确，请上传[bmp, gif, jpg, jpeg, png]格式','2025-02-16 12:30:24',8),(172,'用户头像',2,'com.ruoyi.web.controller.system.SysProfileController.avatar()','POST',1,'admin','研发部门','/system/user/profile/avatar','127.0.0.1','内网IP','',NULL,1,'文件[mrx3 (12).ico]后缀[ico]不正确，请上传[bmp, gif, jpg, jpeg, png]格式','2025-02-16 12:30:27',0),(173,'用户头像',2,'com.ruoyi.web.controller.system.SysProfileController.avatar()','POST',1,'admin','研发部门','/system/user/profile/avatar','127.0.0.1','内网IP','','{\"msg\":\"操作成功\",\"imgUrl\":\"/profile/avatar/2025/02/16/mrx3 (12)_20250216123128A001.png\",\"code\":200}',0,NULL,'2025-02-16 12:31:28',62),(174,'个人信息',2,'com.ruoyi.web.controller.system.SysProfileController.updateProfile()','PUT',1,'admin','研发部门','/system/user/profile','127.0.0.1','内网IP','{\"admin\":false,\"email\":\"ry@163.com\",\"nickName\":\"若依\",\"params\":{},\"phonenumber\":\"15888888888\",\"sex\":\"1\"}','{\"msg\":\"操作成功\",\"code\":200}',0,NULL,'2025-02-16 12:31:47',13),(175,'代码生成',2,'com.ruoyi.generator.controller.GenController.editSave()','PUT',1,'admin','研发部门','/tool/gen','127.0.0.1','内网IP','{\"businessName\":\"sales\",\"className\":\"VendingMachineSales\",\"columns\":[{\"capJavaField\":\"Id\",\"columnComment\":\"销售记录ID（主键自增）\",\"columnId\":20,\"columnName\":\"id\",\"columnType\":\"int\",\"createBy\":\"admin\",\"createTime\":\"2025-02-15 17:06:11\",\"dictType\":\"\",\"edit\":false,\"htmlType\":\"input\",\"increment\":true,\"insert\":false,\"isIncrement\":\"1\",\"isInsert\":\"0\",\"isList\":\"1\",\"isPk\":\"1\",\"isQuery\":\"1\",\"isRequired\":\"0\",\"javaField\":\"id\",\"javaType\":\"Long\",\"list\":true,\"params\":{},\"pk\":true,\"query\":true,\"queryType\":\"EQ\",\"required\":false,\"sort\":1,\"superColumn\":false,\"tableId\":3,\"updateBy\":\"\",\"updateTime\":\"2025-02-15 17:47:28\",\"usableColumn\":false},{\"capJavaField\":\"VemId\",\"columnComment\":\"售货机ID（外键，关联vem_info表）\",\"columnId\":21,\"columnName\":\"vem_id\",\"columnType\":\"int\",\"createBy\":\"admin\",\"createTime\":\"2025-02-15 17:06:11\",\"dictType\":\"\",\"edit\":true,\"htmlType\":\"input\",\"increment\":false,\"insert\":true,\"isEdit\":\"1\",\"isIncrement\":\"0\",\"isInsert\":\"1\",\"isList\":\"1\",\"isPk\":\"0\",\"isQuery\":\"1\",\"isRequired\":\"1\",\"javaField\":\"vemId\",\"javaType\":\"Long\",\"list\":true,\"params\":{},\"pk\":false,\"query\":true,\"queryType\":\"EQ\",\"required\":true,\"sort\":2,\"superColumn\":false,\"tableId\":3,\"updateBy\":\"\",\"updateTime\":\"2025-02-15 17:47:28\",\"usableColumn\":false},{\"capJavaField\":\"ProductId\",\"columnComment\":\"商品ID（外键，关联Product_info表）\",\"columnId\":22,\"columnName\":\"product_id\",\"columnType\":\"int\",\"createBy\":\"admin\",\"createTime\":\"2025-02-15 17:06:11\",\"dictType\":\"\",\"edit\":true,\"htmlType\":\"input\",\"increment\":false,\"insert\":true,\"isEdit\":\"1\",\"isIncrement\":\"0\",\"isInsert\":\"1\",\"isList\":\"1\",\"isPk\":\"0\",\"isQuery\":\"1\",\"isRequired\":\"1\",\"javaField\":\"productId\",\"javaType\":\"Long\",\"list\":true,\"params\":{},\"pk\":false,\"query\":true,\"queryType\":\"EQ\",\"required\":true,\"sort\":3,\"superColumn\":false,\"tableId\":3,\"updateBy\":\"\",\"updateTime\":\"2025-02-15 17:47:28\",\"usableColumn\":false},{\"capJavaField\":\"SoldQuantity\",\"columnComment\":\"售出件数\",\"columnId\":23,\"columnName\":\"sold_quantity\",\"columnType\":\"int\",\"createBy\":\"admin\",\"createTime\":\"2025-02-15 17:06:11\",\"dictType\":\"\",\"edit\":true,\"html','{\"msg\":\"操作成功\",\"code\":200}',0,NULL,'2025-02-16 17:26:20',49),(176,'代码生成',8,'com.ruoyi.generator.controller.GenController.batchGenCode()','GET',1,'admin','研发部门','/tool/gen/batchGenCode','127.0.0.1','内网IP','{\"tables\":\"vending_machine_sales\"}',NULL,0,NULL,'2025-02-16 17:26:24',327),(177,'代码生成',2,'com.ruoyi.generator.controller.GenController.synchDb()','GET',1,'admin','研发部门','/tool/gen/synchDb/vending_machine_sales','127.0.0.1','内网IP','{}','{\"msg\":\"操作成功\",\"code\":200}',0,NULL,'2025-02-16 17:49:31',228),(178,'代码生成',2,'com.ruoyi.generator.controller.GenController.synchDb()','GET',1,'admin','研发部门','/tool/gen/synchDb/vending_machine_sales','127.0.0.1','内网IP','{}','{\"msg\":\"操作成功\",\"code\":200}',0,NULL,'2025-02-16 17:50:07',45),(179,'代码生成',2,'com.ruoyi.generator.controller.GenController.editSave()','PUT',1,'admin','研发部门','/tool/gen','127.0.0.1','内网IP','{\"businessName\":\"sales\",\"className\":\"VendingMachineSales\",\"columns\":[{\"capJavaField\":\"Id\",\"columnComment\":\"销售记录ID（主键自增）\",\"columnId\":20,\"columnName\":\"id\",\"columnType\":\"int\",\"createBy\":\"admin\",\"createTime\":\"2025-02-15 17:06:11\",\"dictType\":\"\",\"edit\":false,\"htmlType\":\"input\",\"increment\":true,\"insert\":true,\"isIncrement\":\"1\",\"isInsert\":\"1\",\"isList\":\"1\",\"isPk\":\"1\",\"isQuery\":\"1\",\"isRequired\":\"0\",\"javaField\":\"id\",\"javaType\":\"Long\",\"list\":true,\"params\":{},\"pk\":true,\"query\":true,\"queryType\":\"EQ\",\"required\":false,\"sort\":1,\"superColumn\":false,\"tableId\":3,\"updateBy\":\"\",\"updateTime\":\"2025-02-16 17:49:31\",\"usableColumn\":false},{\"capJavaField\":\"VemId\",\"columnComment\":\"售货机ID（外键，关联vem_info表）\",\"columnId\":21,\"columnName\":\"vem_id\",\"columnType\":\"int\",\"createBy\":\"admin\",\"createTime\":\"2025-02-15 17:06:11\",\"dictType\":\"\",\"edit\":true,\"htmlType\":\"input\",\"increment\":false,\"insert\":true,\"isEdit\":\"1\",\"isIncrement\":\"0\",\"isInsert\":\"1\",\"isList\":\"1\",\"isPk\":\"0\",\"isQuery\":\"1\",\"isRequired\":\"1\",\"javaField\":\"vemId\",\"javaType\":\"Long\",\"list\":true,\"params\":{},\"pk\":false,\"query\":true,\"queryType\":\"EQ\",\"required\":true,\"sort\":2,\"superColumn\":false,\"tableId\":3,\"updateBy\":\"\",\"updateTime\":\"2025-02-16 17:49:31\",\"usableColumn\":false},{\"capJavaField\":\"ProductId\",\"columnComment\":\"商品ID（外键，关联Product_info表）\",\"columnId\":22,\"columnName\":\"product_id\",\"columnType\":\"int\",\"createBy\":\"admin\",\"createTime\":\"2025-02-15 17:06:11\",\"dictType\":\"\",\"edit\":false,\"htmlType\":\"input\",\"increment\":false,\"insert\":false,\"isEdit\":\"0\",\"isIncrement\":\"0\",\"isInsert\":\"0\",\"isList\":\"0\",\"isPk\":\"0\",\"isQuery\":\"0\",\"isRequired\":\"0\",\"javaField\":\"productId\",\"javaType\":\"Long\",\"list\":false,\"params\":{},\"pk\":false,\"query\":false,\"queryType\":\"EQ\",\"required\":false,\"sort\":3,\"superColumn\":false,\"tableId\":3,\"updateBy\":\"\",\"updateTime\":\"2025-02-16 17:49:31\",\"usableColumn\":false},{\"capJavaField\":\"ProductName\",\"columnComment\":\"商品名称\",\"columnId\":48,\"columnName\":\"product_name\",\"columnType\":\"varchar(20)\",\"createBy\":\"\",\"createTime\":\"2025-02-16 17:49:31\",\"dictType\":\"\",\"edit\":true,','{\"msg\":\"操作成功\",\"code\":200}',0,NULL,'2025-02-16 17:50:36',32),(180,'代码生成',2,'com.ruoyi.generator.controller.GenController.editSave()','PUT',1,'admin','研发部门','/tool/gen','127.0.0.1','内网IP','{\"businessName\":\"sales\",\"className\":\"VendingMachineSales\",\"columns\":[{\"capJavaField\":\"Id\",\"columnComment\":\"销售记录ID（主键自增）\",\"columnId\":20,\"columnName\":\"id\",\"columnType\":\"int\",\"createBy\":\"admin\",\"createTime\":\"2025-02-15 17:06:11\",\"dictType\":\"\",\"edit\":false,\"htmlType\":\"input\",\"increment\":true,\"insert\":true,\"isIncrement\":\"1\",\"isInsert\":\"1\",\"isList\":\"1\",\"isPk\":\"1\",\"isQuery\":\"1\",\"isRequired\":\"0\",\"javaField\":\"id\",\"javaType\":\"Long\",\"list\":true,\"params\":{},\"pk\":true,\"query\":true,\"queryType\":\"EQ\",\"required\":false,\"sort\":1,\"superColumn\":false,\"tableId\":3,\"updateBy\":\"\",\"updateTime\":\"2025-02-16 17:50:35\",\"usableColumn\":false},{\"capJavaField\":\"VemId\",\"columnComment\":\"售货机ID（外键，关联vem_info表）\",\"columnId\":21,\"columnName\":\"vem_id\",\"columnType\":\"int\",\"createBy\":\"admin\",\"createTime\":\"2025-02-15 17:06:11\",\"dictType\":\"\",\"edit\":true,\"htmlType\":\"input\",\"increment\":false,\"insert\":true,\"isEdit\":\"1\",\"isIncrement\":\"0\",\"isInsert\":\"1\",\"isList\":\"1\",\"isPk\":\"0\",\"isQuery\":\"1\",\"isRequired\":\"1\",\"javaField\":\"vemId\",\"javaType\":\"Long\",\"list\":true,\"params\":{},\"pk\":false,\"query\":true,\"queryType\":\"EQ\",\"required\":true,\"sort\":2,\"superColumn\":false,\"tableId\":3,\"updateBy\":\"\",\"updateTime\":\"2025-02-16 17:50:35\",\"usableColumn\":false},{\"capJavaField\":\"ProductId\",\"columnComment\":\"商品ID（外键，关联Product_info表）\",\"columnId\":22,\"columnName\":\"product_id\",\"columnType\":\"int\",\"createBy\":\"admin\",\"createTime\":\"2025-02-15 17:06:11\",\"dictType\":\"\",\"edit\":false,\"htmlType\":\"input\",\"increment\":false,\"insert\":false,\"isEdit\":\"0\",\"isIncrement\":\"0\",\"isInsert\":\"0\",\"isList\":\"0\",\"isPk\":\"0\",\"isQuery\":\"0\",\"isRequired\":\"0\",\"javaField\":\"productId\",\"javaType\":\"Long\",\"list\":false,\"params\":{},\"pk\":false,\"query\":false,\"queryType\":\"EQ\",\"required\":false,\"sort\":3,\"superColumn\":false,\"tableId\":3,\"updateBy\":\"\",\"updateTime\":\"2025-02-16 17:50:35\",\"usableColumn\":false},{\"capJavaField\":\"ProductName\",\"columnComment\":\"商品名称\",\"columnId\":48,\"columnName\":\"product_name\",\"columnType\":\"varchar(20)\",\"createBy\":\"\",\"createTime\":\"2025-02-16 17:49:31\",\"dictType\":\"\",\"edit\":true,','{\"msg\":\"操作成功\",\"code\":200}',0,NULL,'2025-02-16 17:50:57',20),(181,'代码生成',8,'com.ruoyi.generator.controller.GenController.batchGenCode()','GET',1,'admin','研发部门','/tool/gen/batchGenCode','127.0.0.1','内网IP','{\"tables\":\"vending_machine_sales\"}',NULL,0,NULL,'2025-02-16 17:51:07',238),(182,'代码生成',2,'com.ruoyi.generator.controller.GenController.editSave()','PUT',1,'admin','研发部门','/tool/gen','127.0.0.1','内网IP','{\"businessName\":\"sales\",\"className\":\"VendingMachineSales\",\"columns\":[{\"capJavaField\":\"Id\",\"columnComment\":\"销售记录ID（主键自增）\",\"columnId\":20,\"columnName\":\"id\",\"columnType\":\"int\",\"createBy\":\"admin\",\"createTime\":\"2025-02-15 17:06:11\",\"dictType\":\"\",\"edit\":false,\"htmlType\":\"input\",\"increment\":true,\"insert\":true,\"isIncrement\":\"1\",\"isInsert\":\"1\",\"isList\":\"1\",\"isPk\":\"1\",\"isQuery\":\"1\",\"isRequired\":\"0\",\"javaField\":\"id\",\"javaType\":\"Long\",\"list\":true,\"params\":{},\"pk\":true,\"query\":true,\"queryType\":\"EQ\",\"required\":false,\"sort\":1,\"superColumn\":false,\"tableId\":3,\"updateBy\":\"\",\"updateTime\":\"2025-02-16 17:50:57\",\"usableColumn\":false},{\"capJavaField\":\"VemId\",\"columnComment\":\"售货机ID（外键，关联vem_info表）\",\"columnId\":21,\"columnName\":\"vem_id\",\"columnType\":\"int\",\"createBy\":\"admin\",\"createTime\":\"2025-02-15 17:06:11\",\"dictType\":\"\",\"edit\":true,\"htmlType\":\"input\",\"increment\":false,\"insert\":true,\"isEdit\":\"1\",\"isIncrement\":\"0\",\"isInsert\":\"1\",\"isList\":\"1\",\"isPk\":\"0\",\"isQuery\":\"1\",\"isRequired\":\"1\",\"javaField\":\"vemId\",\"javaType\":\"Long\",\"list\":true,\"params\":{},\"pk\":false,\"query\":true,\"queryType\":\"EQ\",\"required\":true,\"sort\":2,\"superColumn\":false,\"tableId\":3,\"updateBy\":\"\",\"updateTime\":\"2025-02-16 17:50:57\",\"usableColumn\":false},{\"capJavaField\":\"ProductId\",\"columnComment\":\"商品ID（外键，关联Product_info表）\",\"columnId\":22,\"columnName\":\"product_id\",\"columnType\":\"int\",\"createBy\":\"admin\",\"createTime\":\"2025-02-15 17:06:11\",\"dictType\":\"\",\"edit\":false,\"htmlType\":\"input\",\"increment\":false,\"insert\":false,\"isEdit\":\"0\",\"isIncrement\":\"0\",\"isInsert\":\"0\",\"isList\":\"0\",\"isPk\":\"0\",\"isQuery\":\"0\",\"isRequired\":\"0\",\"javaField\":\"productId\",\"javaType\":\"Long\",\"list\":false,\"params\":{},\"pk\":false,\"query\":false,\"queryType\":\"EQ\",\"required\":false,\"sort\":3,\"superColumn\":false,\"tableId\":3,\"updateBy\":\"\",\"updateTime\":\"2025-02-16 17:50:57\",\"usableColumn\":false},{\"capJavaField\":\"ProductName\",\"columnComment\":\"商品名称\",\"columnId\":48,\"columnName\":\"product_name\",\"columnType\":\"varchar(20)\",\"createBy\":\"\",\"createTime\":\"2025-02-16 17:49:31\",\"dictType\":\"\",\"edit\":true,','{\"msg\":\"操作成功\",\"code\":200}',0,NULL,'2025-02-16 17:51:36',28),(183,'代码生成',8,'com.ruoyi.generator.controller.GenController.batchGenCode()','GET',1,'admin','研发部门','/tool/gen/batchGenCode','127.0.0.1','内网IP','{\"tables\":\"vending_machine_sales\"}',NULL,0,NULL,'2025-02-16 17:51:41',90),(184,'代码生成',2,'com.ruoyi.generator.controller.GenController.editSave()','PUT',1,'admin','研发部门','/tool/gen','127.0.0.1','内网IP','{\"businessName\":\"sales\",\"className\":\"VendingMachineSales\",\"columns\":[{\"capJavaField\":\"Id\",\"columnComment\":\"销售记录ID（主键自增）\",\"columnId\":20,\"columnName\":\"id\",\"columnType\":\"int\",\"createBy\":\"admin\",\"createTime\":\"2025-02-15 17:06:11\",\"dictType\":\"\",\"edit\":false,\"htmlType\":\"input\",\"increment\":true,\"insert\":true,\"isIncrement\":\"1\",\"isInsert\":\"1\",\"isList\":\"1\",\"isPk\":\"1\",\"isQuery\":\"1\",\"isRequired\":\"0\",\"javaField\":\"id\",\"javaType\":\"Long\",\"list\":true,\"params\":{},\"pk\":true,\"query\":true,\"queryType\":\"EQ\",\"required\":false,\"sort\":1,\"superColumn\":false,\"tableId\":3,\"updateBy\":\"\",\"updateTime\":\"2025-02-16 17:51:36\",\"usableColumn\":false},{\"capJavaField\":\"VemId\",\"columnComment\":\"售货机ID（外键，关联vem_info表）\",\"columnId\":21,\"columnName\":\"vem_id\",\"columnType\":\"int\",\"createBy\":\"admin\",\"createTime\":\"2025-02-15 17:06:11\",\"dictType\":\"\",\"edit\":true,\"htmlType\":\"input\",\"increment\":false,\"insert\":true,\"isEdit\":\"1\",\"isIncrement\":\"0\",\"isInsert\":\"1\",\"isList\":\"1\",\"isPk\":\"0\",\"isQuery\":\"1\",\"isRequired\":\"1\",\"javaField\":\"vemId\",\"javaType\":\"Long\",\"list\":true,\"params\":{},\"pk\":false,\"query\":true,\"queryType\":\"EQ\",\"required\":true,\"sort\":2,\"superColumn\":false,\"tableId\":3,\"updateBy\":\"\",\"updateTime\":\"2025-02-16 17:51:36\",\"usableColumn\":false},{\"capJavaField\":\"ProductId\",\"columnComment\":\"商品ID（外键，关联Product_info表）\",\"columnId\":22,\"columnName\":\"product_id\",\"columnType\":\"int\",\"createBy\":\"admin\",\"createTime\":\"2025-02-15 17:06:11\",\"dictType\":\"\",\"edit\":false,\"htmlType\":\"input\",\"increment\":false,\"insert\":false,\"isEdit\":\"0\",\"isIncrement\":\"0\",\"isInsert\":\"0\",\"isList\":\"0\",\"isPk\":\"0\",\"isQuery\":\"0\",\"isRequired\":\"0\",\"javaField\":\"productId\",\"javaType\":\"Long\",\"list\":false,\"params\":{},\"pk\":false,\"query\":false,\"queryType\":\"EQ\",\"required\":false,\"sort\":3,\"superColumn\":false,\"tableId\":3,\"updateBy\":\"\",\"updateTime\":\"2025-02-16 17:51:36\",\"usableColumn\":false},{\"capJavaField\":\"ProductName\",\"columnComment\":\"商品名称\",\"columnId\":48,\"columnName\":\"product_name\",\"columnType\":\"varchar(20)\",\"createBy\":\"\",\"createTime\":\"2025-02-16 17:49:31\",\"dictType\":\"\",\"edit\":true,','{\"msg\":\"操作成功\",\"code\":200}',0,NULL,'2025-02-16 18:05:17',72),(185,'代码生成',8,'com.ruoyi.generator.controller.GenController.batchGenCode()','GET',1,'admin','研发部门','/tool/gen/batchGenCode','127.0.0.1','内网IP','{\"tables\":\"vending_machine_sales\"}',NULL,0,NULL,'2025-02-16 18:05:19',257),(186,'代码生成',6,'com.ruoyi.generator.controller.GenController.importTableSave()','POST',1,'admin','研发部门','/tool/gen/importTable','127.0.0.1','内网IP','{\"tables\":\"vem_profile\"}','{\"msg\":\"操作成功\",\"code\":200}',0,NULL,'2025-02-17 21:01:36',54),(187,'代码生成',2,'com.ruoyi.generator.controller.GenController.editSave()','PUT',1,'admin','研发部门','/tool/gen','127.0.0.1','内网IP','{\"businessName\":\"profile\",\"className\":\"VemProfile\",\"columns\":[{\"capJavaField\":\"VemId\",\"columnComment\":\"售货机id\",\"columnId\":49,\"columnName\":\"vem_id\",\"columnType\":\"int\",\"createBy\":\"admin\",\"createTime\":\"2025-02-17 21:01:36\",\"dictType\":\"\",\"edit\":true,\"htmlType\":\"input\",\"increment\":false,\"insert\":true,\"isEdit\":\"1\",\"isIncrement\":\"0\",\"isInsert\":\"1\",\"isList\":\"1\",\"isPk\":\"0\",\"isQuery\":\"1\",\"isRequired\":\"0\",\"javaField\":\"vemId\",\"javaType\":\"Long\",\"list\":true,\"params\":{},\"pk\":false,\"query\":true,\"queryType\":\"EQ\",\"required\":false,\"sort\":1,\"superColumn\":false,\"tableId\":6,\"updateBy\":\"\",\"usableColumn\":false},{\"capJavaField\":\"SoldQuantity\",\"columnComment\":\"售出总件数\",\"columnId\":50,\"columnName\":\"soldQuantity\",\"columnType\":\"int\",\"createBy\":\"admin\",\"createTime\":\"2025-02-17 21:01:36\",\"dictType\":\"\",\"edit\":true,\"htmlType\":\"input\",\"increment\":false,\"insert\":true,\"isEdit\":\"1\",\"isIncrement\":\"0\",\"isInsert\":\"1\",\"isList\":\"1\",\"isPk\":\"0\",\"isQuery\":\"1\",\"isRequired\":\"0\",\"javaField\":\"soldQuantity\",\"javaType\":\"Long\",\"list\":true,\"params\":{},\"pk\":false,\"query\":true,\"queryType\":\"EQ\",\"required\":false,\"sort\":2,\"superColumn\":false,\"tableId\":6,\"updateBy\":\"\",\"usableColumn\":false},{\"capJavaField\":\"RemainingQuantity\",\"columnComment\":\"剩余总数量\",\"columnId\":51,\"columnName\":\"remainingQuantity\",\"columnType\":\"int\",\"createBy\":\"admin\",\"createTime\":\"2025-02-17 21:01:36\",\"dictType\":\"\",\"edit\":true,\"htmlType\":\"input\",\"increment\":false,\"insert\":true,\"isEdit\":\"1\",\"isIncrement\":\"0\",\"isInsert\":\"1\",\"isList\":\"1\",\"isPk\":\"0\",\"isQuery\":\"1\",\"isRequired\":\"0\",\"javaField\":\"remainingQuantity\",\"javaType\":\"Long\",\"list\":true,\"params\":{},\"pk\":false,\"query\":true,\"queryType\":\"EQ\",\"required\":false,\"sort\":3,\"superColumn\":false,\"tableId\":6,\"updateBy\":\"\",\"usableColumn\":false},{\"capJavaField\":\"TotalProfit\",\"columnComment\":\"总利润\",\"columnId\":52,\"columnName\":\"totalProfit\",\"columnType\":\"int\",\"createBy\":\"admin\",\"createTime\":\"2025-02-17 21:01:36\",\"dictType\":\"\",\"edit\":true,\"htmlType\":\"input\",\"increment\":false,\"insert\":true,\"isEdit\":\"1\",\"isIncrement\":\"0\",\"isInsert\":\"1','{\"msg\":\"操作成功\",\"code\":200}',0,NULL,'2025-02-17 21:02:16',32),(188,'代码生成',8,'com.ruoyi.generator.controller.GenController.batchGenCode()','GET',1,'admin','研发部门','/tool/gen/batchGenCode','127.0.0.1','内网IP','{\"tables\":\"vem_profile\"}',NULL,0,NULL,'2025-02-17 21:02:20',220),(189,'代码生成',2,'com.ruoyi.generator.controller.GenController.editSave()','PUT',1,'admin','研发部门','/tool/gen','127.0.0.1','内网IP','{\"businessName\":\"profile\",\"className\":\"VemProfile\",\"columns\":[{\"capJavaField\":\"VemId\",\"columnComment\":\"售货机id\",\"columnId\":49,\"columnName\":\"vem_id\",\"columnType\":\"int\",\"createBy\":\"admin\",\"createTime\":\"2025-02-17 21:01:36\",\"dictType\":\"\",\"edit\":true,\"htmlType\":\"input\",\"increment\":false,\"insert\":true,\"isEdit\":\"1\",\"isIncrement\":\"0\",\"isInsert\":\"1\",\"isList\":\"1\",\"isPk\":\"0\",\"isQuery\":\"1\",\"isRequired\":\"0\",\"javaField\":\"vemId\",\"javaType\":\"Long\",\"list\":true,\"params\":{},\"pk\":false,\"query\":true,\"queryType\":\"EQ\",\"required\":false,\"sort\":1,\"superColumn\":false,\"tableId\":6,\"updateBy\":\"\",\"updateTime\":\"2025-02-17 21:02:16\",\"usableColumn\":false},{\"capJavaField\":\"SoldQuantity\",\"columnComment\":\"售出总件数\",\"columnId\":50,\"columnName\":\"soldQuantity\",\"columnType\":\"int\",\"createBy\":\"admin\",\"createTime\":\"2025-02-17 21:01:36\",\"dictType\":\"\",\"edit\":true,\"htmlType\":\"input\",\"increment\":false,\"insert\":true,\"isEdit\":\"1\",\"isIncrement\":\"0\",\"isInsert\":\"1\",\"isList\":\"1\",\"isPk\":\"0\",\"isQuery\":\"1\",\"isRequired\":\"0\",\"javaField\":\"soldQuantity\",\"javaType\":\"Long\",\"list\":true,\"params\":{},\"pk\":false,\"query\":true,\"queryType\":\"EQ\",\"required\":false,\"sort\":2,\"superColumn\":false,\"tableId\":6,\"updateBy\":\"\",\"updateTime\":\"2025-02-17 21:02:16\",\"usableColumn\":false},{\"capJavaField\":\"RemainingQuantity\",\"columnComment\":\"剩余总数量\",\"columnId\":51,\"columnName\":\"remainingQuantity\",\"columnType\":\"int\",\"createBy\":\"admin\",\"createTime\":\"2025-02-17 21:01:36\",\"dictType\":\"\",\"edit\":true,\"htmlType\":\"input\",\"increment\":false,\"insert\":true,\"isEdit\":\"1\",\"isIncrement\":\"0\",\"isInsert\":\"1\",\"isList\":\"1\",\"isPk\":\"0\",\"isQuery\":\"1\",\"isRequired\":\"0\",\"javaField\":\"remainingQuantity\",\"javaType\":\"Long\",\"list\":true,\"params\":{},\"pk\":false,\"query\":true,\"queryType\":\"EQ\",\"required\":false,\"sort\":3,\"superColumn\":false,\"tableId\":6,\"updateBy\":\"\",\"updateTime\":\"2025-02-17 21:02:16\",\"usableColumn\":false},{\"capJavaField\":\"TotalProfit\",\"columnComment\":\"总利润\",\"columnId\":52,\"columnName\":\"totalProfit\",\"columnType\":\"int\",\"createBy\":\"admin\",\"createTime\":\"2025-02-17 21:01:36\",\"dictType\":\"\",\"e','{\"msg\":\"操作成功\",\"code\":200}',0,NULL,'2025-02-17 21:12:47',43),(190,'代码生成',8,'com.ruoyi.generator.controller.GenController.batchGenCode()','GET',1,'admin','研发部门','/tool/gen/batchGenCode','127.0.0.1','内网IP','{\"tables\":\"vem_profile\"}',NULL,0,NULL,'2025-02-17 21:12:52',274),(191,'代码生成',2,'com.ruoyi.generator.controller.GenController.editSave()','PUT',1,'admin','研发部门','/tool/gen','127.0.0.1','内网IP','{\"businessName\":\"profile\",\"className\":\"VemProfile\",\"columns\":[{\"capJavaField\":\"VemId\",\"columnComment\":\"售货机id\",\"columnId\":49,\"columnName\":\"vem_id\",\"columnType\":\"int\",\"createBy\":\"admin\",\"createTime\":\"2025-02-17 21:01:36\",\"dictType\":\"\",\"edit\":true,\"htmlType\":\"input\",\"increment\":false,\"insert\":true,\"isEdit\":\"1\",\"isIncrement\":\"0\",\"isInsert\":\"1\",\"isList\":\"1\",\"isPk\":\"0\",\"isQuery\":\"1\",\"isRequired\":\"0\",\"javaField\":\"vemId\",\"javaType\":\"Long\",\"list\":true,\"params\":{},\"pk\":false,\"query\":true,\"queryType\":\"EQ\",\"required\":false,\"sort\":1,\"superColumn\":false,\"tableId\":6,\"updateBy\":\"\",\"updateTime\":\"2025-02-17 21:12:47\",\"usableColumn\":false},{\"capJavaField\":\"SoldQuantity\",\"columnComment\":\"售出总件数\",\"columnId\":50,\"columnName\":\"soldQuantity\",\"columnType\":\"int\",\"createBy\":\"admin\",\"createTime\":\"2025-02-17 21:01:36\",\"dictType\":\"\",\"edit\":true,\"htmlType\":\"input\",\"increment\":false,\"insert\":true,\"isEdit\":\"1\",\"isIncrement\":\"0\",\"isInsert\":\"1\",\"isList\":\"1\",\"isPk\":\"0\",\"isQuery\":\"1\",\"isRequired\":\"0\",\"javaField\":\"soldQuantity\",\"javaType\":\"Long\",\"list\":true,\"params\":{},\"pk\":false,\"query\":true,\"queryType\":\"EQ\",\"required\":false,\"sort\":2,\"superColumn\":false,\"tableId\":6,\"updateBy\":\"\",\"updateTime\":\"2025-02-17 21:12:47\",\"usableColumn\":false},{\"capJavaField\":\"RemainingQuantity\",\"columnComment\":\"剩余总数量\",\"columnId\":51,\"columnName\":\"remainingQuantity\",\"columnType\":\"int\",\"createBy\":\"admin\",\"createTime\":\"2025-02-17 21:01:36\",\"dictType\":\"\",\"edit\":true,\"htmlType\":\"input\",\"increment\":false,\"insert\":true,\"isEdit\":\"1\",\"isIncrement\":\"0\",\"isInsert\":\"1\",\"isList\":\"1\",\"isPk\":\"0\",\"isQuery\":\"1\",\"isRequired\":\"0\",\"javaField\":\"remainingQuantity\",\"javaType\":\"Long\",\"list\":true,\"params\":{},\"pk\":false,\"query\":true,\"queryType\":\"EQ\",\"required\":false,\"sort\":3,\"superColumn\":false,\"tableId\":6,\"updateBy\":\"\",\"updateTime\":\"2025-02-17 21:12:47\",\"usableColumn\":false},{\"capJavaField\":\"TotalProfit\",\"columnComment\":\"总利润\",\"columnId\":52,\"columnName\":\"totalProfit\",\"columnType\":\"int\",\"createBy\":\"admin\",\"createTime\":\"2025-02-17 21:01:36\",\"dictType\":\"\",\"e','{\"msg\":\"操作成功\",\"code\":200}',0,NULL,'2025-02-17 21:35:31',60),(192,'代码生成',8,'com.ruoyi.generator.controller.GenController.batchGenCode()','GET',1,'admin','研发部门','/tool/gen/batchGenCode','127.0.0.1','内网IP','{\"tables\":\"vem_profile\"}',NULL,0,NULL,'2025-02-17 21:35:33',328),(193,'代码生成',6,'com.ruoyi.generator.controller.GenController.importTableSave()','POST',1,'admin','研发部门','/tool/gen/importTable','127.0.0.1','内网IP','{\"tables\":\"vem_repair_records\"}','{\"msg\":\"操作成功\",\"code\":200}',0,NULL,'2025-02-18 21:07:41',73),(194,'字典类型',1,'com.ruoyi.web.controller.system.SysDictTypeController.add()','POST',1,'admin','研发部门','/system/dict/type','127.0.0.1','内网IP','{\"createBy\":\"admin\",\"dictName\":\"是否维修完成\",\"dictType\":\"sys_repair_compelete\",\"params\":{},\"remark\":\"标志售货机维修是否完成\",\"status\":\"0\"}','{\"msg\":\"操作成功\",\"code\":200}',0,NULL,'2025-02-18 21:08:56',17),(195,'字典数据',1,'com.ruoyi.web.controller.system.SysDictDataController.add()','POST',1,'admin','研发部门','/system/dict/data','127.0.0.1','内网IP','{\"createBy\":\"admin\",\"default\":false,\"dictLabel\":\"已完成维修\",\"dictSort\":1,\"dictType\":\"sys_repair_compelete\",\"dictValue\":\"0\",\"listClass\":\"default\",\"params\":{},\"status\":\"0\"}','{\"msg\":\"操作成功\",\"code\":200}',0,NULL,'2025-02-18 21:10:08',12),(196,'字典数据',1,'com.ruoyi.web.controller.system.SysDictDataController.add()','POST',1,'admin','研发部门','/system/dict/data','127.0.0.1','内网IP','{\"createBy\":\"admin\",\"default\":false,\"dictLabel\":\"维修中\",\"dictSort\":2,\"dictType\":\"sys_repair_compelete\",\"dictValue\":\"1\",\"listClass\":\"default\",\"params\":{},\"status\":\"0\"}','{\"msg\":\"操作成功\",\"code\":200}',0,NULL,'2025-02-18 21:10:19',8),(197,'代码生成',2,'com.ruoyi.generator.controller.GenController.editSave()','PUT',1,'admin','研发部门','/tool/gen','127.0.0.1','内网IP','{\"businessName\":\"records\",\"className\":\"VemRepairRecords\",\"columns\":[{\"capJavaField\":\"RecordId\",\"columnComment\":\"维修记录id\",\"columnId\":56,\"columnName\":\"record_id\",\"columnType\":\"int\",\"createBy\":\"admin\",\"createTime\":\"2025-02-18 21:07:41\",\"dictType\":\"\",\"edit\":false,\"htmlType\":\"input\",\"increment\":false,\"insert\":false,\"isEdit\":\"0\",\"isIncrement\":\"0\",\"isInsert\":\"0\",\"isList\":\"1\",\"isPk\":\"0\",\"isQuery\":\"1\",\"isRequired\":\"0\",\"javaField\":\"recordId\",\"javaType\":\"Long\",\"list\":true,\"params\":{},\"pk\":false,\"query\":true,\"queryType\":\"EQ\",\"required\":false,\"sort\":1,\"superColumn\":false,\"tableId\":7,\"updateBy\":\"\",\"usableColumn\":false},{\"capJavaField\":\"VemId\",\"columnComment\":\"售货机id\",\"columnId\":57,\"columnName\":\"vem_id\",\"columnType\":\"int\",\"createBy\":\"admin\",\"createTime\":\"2025-02-18 21:07:41\",\"dictType\":\"\",\"edit\":true,\"htmlType\":\"input\",\"increment\":false,\"insert\":true,\"isEdit\":\"1\",\"isIncrement\":\"0\",\"isInsert\":\"1\",\"isList\":\"1\",\"isPk\":\"0\",\"isQuery\":\"1\",\"isRequired\":\"0\",\"javaField\":\"vemId\",\"javaType\":\"Long\",\"list\":true,\"params\":{},\"pk\":false,\"query\":true,\"queryType\":\"EQ\",\"required\":false,\"sort\":2,\"superColumn\":false,\"tableId\":7,\"updateBy\":\"\",\"usableColumn\":false},{\"capJavaField\":\"VemLocation\",\"columnComment\":\"售货机位置\",\"columnId\":58,\"columnName\":\"vem_location\",\"columnType\":\"varchar(20)\",\"createBy\":\"admin\",\"createTime\":\"2025-02-18 21:07:41\",\"dictType\":\"\",\"edit\":true,\"htmlType\":\"input\",\"increment\":false,\"insert\":true,\"isEdit\":\"1\",\"isIncrement\":\"0\",\"isInsert\":\"1\",\"isList\":\"1\",\"isPk\":\"0\",\"isQuery\":\"1\",\"isRequired\":\"0\",\"javaField\":\"vemLocation\",\"javaType\":\"String\",\"list\":true,\"params\":{},\"pk\":false,\"query\":true,\"queryType\":\"EQ\",\"required\":false,\"sort\":3,\"superColumn\":false,\"tableId\":7,\"updateBy\":\"\",\"usableColumn\":false},{\"capJavaField\":\"Repairers\",\"columnComment\":\"维修者\",\"columnId\":59,\"columnName\":\"Repairers\",\"columnType\":\"varchar(20)\",\"createBy\":\"admin\",\"createTime\":\"2025-02-18 21:07:41\",\"dictType\":\"\",\"edit\":true,\"htmlType\":\"input\",\"increment\":false,\"insert\":true,\"isEdit\":\"1\",\"isIncrement\":\"0\",\"isInsert\":\"1\",\"is','{\"msg\":\"操作成功\",\"code\":200}',0,NULL,'2025-02-18 21:10:58',31),(198,'代码生成',2,'com.ruoyi.generator.controller.GenController.editSave()','PUT',1,'admin','研发部门','/tool/gen','127.0.0.1','内网IP','{\"businessName\":\"records\",\"className\":\"VemRepairRecords\",\"columns\":[{\"capJavaField\":\"RecordId\",\"columnComment\":\"维修记录id\",\"columnId\":56,\"columnName\":\"record_id\",\"columnType\":\"int\",\"createBy\":\"admin\",\"createTime\":\"2025-02-18 21:07:41\",\"dictType\":\"\",\"edit\":false,\"htmlType\":\"input\",\"increment\":false,\"insert\":false,\"isEdit\":\"0\",\"isIncrement\":\"0\",\"isInsert\":\"0\",\"isList\":\"1\",\"isPk\":\"0\",\"isQuery\":\"1\",\"isRequired\":\"0\",\"javaField\":\"recordId\",\"javaType\":\"Long\",\"list\":true,\"params\":{},\"pk\":false,\"query\":true,\"queryType\":\"EQ\",\"required\":false,\"sort\":1,\"superColumn\":false,\"tableId\":7,\"updateBy\":\"\",\"updateTime\":\"2025-02-18 21:10:58\",\"usableColumn\":false},{\"capJavaField\":\"VemId\",\"columnComment\":\"售货机id\",\"columnId\":57,\"columnName\":\"vem_id\",\"columnType\":\"int\",\"createBy\":\"admin\",\"createTime\":\"2025-02-18 21:07:41\",\"dictType\":\"\",\"edit\":true,\"htmlType\":\"input\",\"increment\":false,\"insert\":true,\"isEdit\":\"1\",\"isIncrement\":\"0\",\"isInsert\":\"1\",\"isList\":\"1\",\"isPk\":\"0\",\"isQuery\":\"1\",\"isRequired\":\"0\",\"javaField\":\"vemId\",\"javaType\":\"Long\",\"list\":true,\"params\":{},\"pk\":false,\"query\":true,\"queryType\":\"EQ\",\"required\":false,\"sort\":2,\"superColumn\":false,\"tableId\":7,\"updateBy\":\"\",\"updateTime\":\"2025-02-18 21:10:58\",\"usableColumn\":false},{\"capJavaField\":\"VemLocation\",\"columnComment\":\"售货机位置\",\"columnId\":58,\"columnName\":\"vem_location\",\"columnType\":\"varchar(20)\",\"createBy\":\"admin\",\"createTime\":\"2025-02-18 21:07:41\",\"dictType\":\"\",\"edit\":true,\"htmlType\":\"input\",\"increment\":false,\"insert\":true,\"isEdit\":\"1\",\"isIncrement\":\"0\",\"isInsert\":\"1\",\"isList\":\"1\",\"isPk\":\"0\",\"isQuery\":\"1\",\"isRequired\":\"0\",\"javaField\":\"vemLocation\",\"javaType\":\"String\",\"list\":true,\"params\":{},\"pk\":false,\"query\":true,\"queryType\":\"EQ\",\"required\":false,\"sort\":3,\"superColumn\":false,\"tableId\":7,\"updateBy\":\"\",\"updateTime\":\"2025-02-18 21:10:58\",\"usableColumn\":false},{\"capJavaField\":\"Repairers\",\"columnComment\":\"维修者\",\"columnId\":59,\"columnName\":\"Repairers\",\"columnType\":\"varchar(20)\",\"createBy\":\"admin\",\"createTime\":\"2025-02-18 21:07:41\",\"dictType\":\"\",\"edit\":','{\"msg\":\"操作成功\",\"code\":200}',0,NULL,'2025-02-18 21:11:53',18),(199,'代码生成',2,'com.ruoyi.generator.controller.GenController.editSave()','PUT',1,'admin','研发部门','/tool/gen','127.0.0.1','内网IP','{\"businessName\":\"repairRecords\",\"className\":\"VemRepairRecords\",\"columns\":[{\"capJavaField\":\"RecordId\",\"columnComment\":\"维修记录id\",\"columnId\":56,\"columnName\":\"record_id\",\"columnType\":\"int\",\"createBy\":\"admin\",\"createTime\":\"2025-02-18 21:07:41\",\"dictType\":\"\",\"edit\":false,\"htmlType\":\"input\",\"increment\":false,\"insert\":false,\"isEdit\":\"0\",\"isIncrement\":\"0\",\"isInsert\":\"0\",\"isList\":\"1\",\"isPk\":\"0\",\"isQuery\":\"1\",\"isRequired\":\"0\",\"javaField\":\"recordId\",\"javaType\":\"Long\",\"list\":true,\"params\":{},\"pk\":false,\"query\":true,\"queryType\":\"EQ\",\"required\":false,\"sort\":1,\"superColumn\":false,\"tableId\":7,\"updateBy\":\"\",\"updateTime\":\"2025-02-18 21:11:53\",\"usableColumn\":false},{\"capJavaField\":\"VemId\",\"columnComment\":\"售货机id\",\"columnId\":57,\"columnName\":\"vem_id\",\"columnType\":\"int\",\"createBy\":\"admin\",\"createTime\":\"2025-02-18 21:07:41\",\"dictType\":\"\",\"edit\":true,\"htmlType\":\"input\",\"increment\":false,\"insert\":true,\"isEdit\":\"1\",\"isIncrement\":\"0\",\"isInsert\":\"1\",\"isList\":\"1\",\"isPk\":\"0\",\"isQuery\":\"1\",\"isRequired\":\"0\",\"javaField\":\"vemId\",\"javaType\":\"Long\",\"list\":true,\"params\":{},\"pk\":false,\"query\":true,\"queryType\":\"EQ\",\"required\":false,\"sort\":2,\"superColumn\":false,\"tableId\":7,\"updateBy\":\"\",\"updateTime\":\"2025-02-18 21:11:53\",\"usableColumn\":false},{\"capJavaField\":\"VemLocation\",\"columnComment\":\"售货机位置\",\"columnId\":58,\"columnName\":\"vem_location\",\"columnType\":\"varchar(20)\",\"createBy\":\"admin\",\"createTime\":\"2025-02-18 21:07:41\",\"dictType\":\"\",\"edit\":true,\"htmlType\":\"input\",\"increment\":false,\"insert\":true,\"isEdit\":\"1\",\"isIncrement\":\"0\",\"isInsert\":\"1\",\"isList\":\"1\",\"isPk\":\"0\",\"isQuery\":\"1\",\"isRequired\":\"0\",\"javaField\":\"vemLocation\",\"javaType\":\"String\",\"list\":true,\"params\":{},\"pk\":false,\"query\":true,\"queryType\":\"EQ\",\"required\":false,\"sort\":3,\"superColumn\":false,\"tableId\":7,\"updateBy\":\"\",\"updateTime\":\"2025-02-18 21:11:53\",\"usableColumn\":false},{\"capJavaField\":\"Repairers\",\"columnComment\":\"维修者\",\"columnId\":59,\"columnName\":\"Repairers\",\"columnType\":\"varchar(20)\",\"createBy\":\"admin\",\"createTime\":\"2025-02-18 21:07:41\",\"dictType\":\"\",\"','{\"msg\":\"操作成功\",\"code\":200}',0,NULL,'2025-02-18 21:12:32',16),(200,'代码生成',8,'com.ruoyi.generator.controller.GenController.batchGenCode()','GET',1,'admin','研发部门','/tool/gen/batchGenCode','127.0.0.1','内网IP','{\"tables\":\"vem_repair_records\"}',NULL,0,NULL,'2025-02-18 21:12:34',221),(201,'菜单管理',2,'com.ruoyi.web.controller.system.SysMenuController.edit()','PUT',1,'admin','研发部门','/system/menu','127.0.0.1','内网IP','{\"children\":[],\"component\":\"repair_records/repairRecords/index\",\"createTime\":\"2025-02-18 21:16:40\",\"icon\":\"#\",\"isCache\":\"0\",\"isFrame\":\"1\",\"menuId\":2111,\"menuName\":\"售货机维修记录\",\"menuType\":\"C\",\"orderNum\":1,\"params\":{},\"parentId\":2008,\"path\":\"repairRecords\",\"perms\":\"repair_records:repairRecords:list\",\"routeName\":\"\",\"status\":\"0\",\"updateBy\":\"admin\",\"visible\":\"0\"}','{\"msg\":\"操作成功\",\"code\":200}',0,NULL,'2025-02-18 21:30:18',20),(202,'代码生成',6,'com.ruoyi.generator.controller.GenController.importTableSave()','POST',1,'admin','研发部门','/tool/gen/importTable','127.0.0.1','内网IP','{\"tables\":\"vem_scrap_records\"}','{\"msg\":\"操作成功\",\"code\":200}',0,NULL,'2025-02-19 21:25:06',58),(203,'代码生成',2,'com.ruoyi.generator.controller.GenController.editSave()','PUT',1,'admin','研发部门','/tool/gen','127.0.0.1','内网IP','{\"businessName\":\"records\",\"className\":\"VemScrapRecords\",\"columns\":[{\"capJavaField\":\"ScrapId\",\"columnComment\":\"单据id\",\"columnId\":65,\"columnName\":\"scrap_id\",\"columnType\":\"int\",\"createBy\":\"admin\",\"createTime\":\"2025-02-19 21:25:06\",\"dictType\":\"\",\"edit\":false,\"htmlType\":\"input\",\"increment\":false,\"insert\":false,\"isEdit\":\"0\",\"isIncrement\":\"0\",\"isInsert\":\"0\",\"isList\":\"0\",\"isPk\":\"0\",\"isQuery\":\"0\",\"isRequired\":\"0\",\"javaField\":\"scrapId\",\"javaType\":\"Long\",\"list\":false,\"params\":{},\"pk\":false,\"query\":false,\"queryType\":\"EQ\",\"required\":false,\"sort\":1,\"superColumn\":false,\"tableId\":8,\"updateBy\":\"\",\"usableColumn\":false},{\"capJavaField\":\"VemId\",\"columnComment\":\"售货机id\",\"columnId\":66,\"columnName\":\"vem_id\",\"columnType\":\"int\",\"createBy\":\"admin\",\"createTime\":\"2025-02-19 21:25:06\",\"dictType\":\"\",\"edit\":true,\"htmlType\":\"input\",\"increment\":false,\"insert\":true,\"isEdit\":\"1\",\"isIncrement\":\"0\",\"isInsert\":\"1\",\"isList\":\"1\",\"isPk\":\"0\",\"isQuery\":\"1\",\"isRequired\":\"0\",\"javaField\":\"vemId\",\"javaType\":\"Long\",\"list\":true,\"params\":{},\"pk\":false,\"query\":true,\"queryType\":\"EQ\",\"required\":false,\"sort\":2,\"superColumn\":false,\"tableId\":8,\"updateBy\":\"\",\"usableColumn\":false},{\"capJavaField\":\"VemVersion\",\"columnComment\":\"售货机公司品牌\",\"columnId\":67,\"columnName\":\"vem_version\",\"columnType\":\"varchar(10)\",\"createBy\":\"admin\",\"createTime\":\"2025-02-19 21:25:06\",\"dictType\":\"\",\"edit\":true,\"htmlType\":\"input\",\"increment\":false,\"insert\":true,\"isEdit\":\"1\",\"isIncrement\":\"0\",\"isInsert\":\"1\",\"isList\":\"1\",\"isPk\":\"0\",\"isQuery\":\"1\",\"isRequired\":\"0\",\"javaField\":\"vemVersion\",\"javaType\":\"String\",\"list\":true,\"params\":{},\"pk\":false,\"query\":true,\"queryType\":\"EQ\",\"required\":false,\"sort\":3,\"superColumn\":false,\"tableId\":8,\"updateBy\":\"\",\"usableColumn\":false},{\"capJavaField\":\"ScrapReason\",\"columnComment\":\"废弃原因\",\"columnId\":68,\"columnName\":\"scrap_reason\",\"columnType\":\"varchar(20)\",\"createBy\":\"admin\",\"createTime\":\"2025-02-19 21:25:06\",\"dictType\":\"\",\"edit\":true,\"htmlType\":\"input\",\"increment\":false,\"insert\":true,\"isEdit\":\"1\",\"isIncrement\":\"0\",\"isInsert\":\"1\",\"i','{\"msg\":\"操作成功\",\"code\":200}',0,NULL,'2025-02-19 21:34:59',32),(204,'代码生成',8,'com.ruoyi.generator.controller.GenController.batchGenCode()','GET',1,'admin','研发部门','/tool/gen/batchGenCode','127.0.0.1','内网IP','{\"tables\":\"vem_scrap_records\"}',NULL,0,NULL,'2025-02-19 21:35:03',215),(205,'代码生成',2,'com.ruoyi.generator.controller.GenController.editSave()','PUT',1,'admin','研发部门','/tool/gen','127.0.0.1','内网IP','{\"businessName\":\"records\",\"className\":\"VemScrapRecords\",\"columns\":[{\"capJavaField\":\"ScrapId\",\"columnComment\":\"单据id\",\"columnId\":65,\"columnName\":\"scrap_id\",\"columnType\":\"int\",\"createBy\":\"admin\",\"createTime\":\"2025-02-19 21:25:06\",\"dictType\":\"\",\"edit\":false,\"htmlType\":\"input\",\"increment\":false,\"insert\":false,\"isEdit\":\"0\",\"isIncrement\":\"0\",\"isInsert\":\"0\",\"isList\":\"0\",\"isPk\":\"0\",\"isQuery\":\"0\",\"isRequired\":\"0\",\"javaField\":\"scrapId\",\"javaType\":\"Long\",\"list\":false,\"params\":{},\"pk\":false,\"query\":false,\"queryType\":\"EQ\",\"required\":false,\"sort\":1,\"superColumn\":false,\"tableId\":8,\"updateBy\":\"\",\"updateTime\":\"2025-02-19 21:34:59\",\"usableColumn\":false},{\"capJavaField\":\"VemId\",\"columnComment\":\"售货机id\",\"columnId\":66,\"columnName\":\"vem_id\",\"columnType\":\"int\",\"createBy\":\"admin\",\"createTime\":\"2025-02-19 21:25:06\",\"dictType\":\"\",\"edit\":true,\"htmlType\":\"input\",\"increment\":false,\"insert\":true,\"isEdit\":\"1\",\"isIncrement\":\"0\",\"isInsert\":\"1\",\"isList\":\"1\",\"isPk\":\"0\",\"isQuery\":\"1\",\"isRequired\":\"0\",\"javaField\":\"vemId\",\"javaType\":\"Long\",\"list\":true,\"params\":{},\"pk\":false,\"query\":true,\"queryType\":\"EQ\",\"required\":false,\"sort\":2,\"superColumn\":false,\"tableId\":8,\"updateBy\":\"\",\"updateTime\":\"2025-02-19 21:34:59\",\"usableColumn\":false},{\"capJavaField\":\"VemVersion\",\"columnComment\":\"售货机公司品牌\",\"columnId\":67,\"columnName\":\"vem_version\",\"columnType\":\"varchar(10)\",\"createBy\":\"admin\",\"createTime\":\"2025-02-19 21:25:06\",\"dictType\":\"\",\"edit\":true,\"htmlType\":\"input\",\"increment\":false,\"insert\":true,\"isEdit\":\"1\",\"isIncrement\":\"0\",\"isInsert\":\"1\",\"isList\":\"1\",\"isPk\":\"0\",\"isQuery\":\"1\",\"isRequired\":\"0\",\"javaField\":\"vemVersion\",\"javaType\":\"String\",\"list\":true,\"params\":{},\"pk\":false,\"query\":true,\"queryType\":\"EQ\",\"required\":false,\"sort\":3,\"superColumn\":false,\"tableId\":8,\"updateBy\":\"\",\"updateTime\":\"2025-02-19 21:34:59\",\"usableColumn\":false},{\"capJavaField\":\"ScrapReason\",\"columnComment\":\"废弃原因\",\"columnId\":68,\"columnName\":\"scrap_reason\",\"columnType\":\"varchar(20)\",\"createBy\":\"admin\",\"createTime\":\"2025-02-19 21:25:06\",\"dictType\":\"\",\"edit\"','{\"msg\":\"操作成功\",\"code\":200}',0,NULL,'2025-02-19 21:56:41',20),(206,'代码生成',8,'com.ruoyi.generator.controller.GenController.batchGenCode()','GET',1,'admin','研发部门','/tool/gen/batchGenCode','127.0.0.1','内网IP','{\"tables\":\"vem_scrap_records\"}',NULL,0,NULL,'2025-02-19 21:56:45',75),(207,'菜单管理',2,'com.ruoyi.web.controller.system.SysMenuController.edit()','PUT',1,'admin','研发部门','/system/menu','127.0.0.1','内网IP','{\"children\":[],\"component\":\"scrap_records/records/index\",\"createTime\":\"2025-02-19 21:57:59\",\"icon\":\"#\",\"isCache\":\"0\",\"isFrame\":\"1\",\"menuId\":2123,\"menuName\":\"售货机报废\",\"menuType\":\"C\",\"orderNum\":1,\"params\":{},\"parentId\":2008,\"path\":\"records\",\"perms\":\"scrap_records:records:list\",\"routeName\":\"\",\"status\":\"0\",\"updateBy\":\"admin\",\"visible\":\"0\"}','{\"msg\":\"操作成功\",\"code\":200}',0,NULL,'2025-02-19 21:59:35',21),(208,'菜单管理',2,'com.ruoyi.web.controller.system.SysMenuController.edit()','PUT',1,'admin','研发部门','/system/menu','127.0.0.1','内网IP','{\"children\":[],\"createTime\":\"2024-11-20 21:23:46\",\"icon\":\"excel\",\"isCache\":\"0\",\"isFrame\":\"1\",\"menuId\":2008,\"menuName\":\"售货机管理\",\"menuType\":\"M\",\"orderNum\":1,\"params\":{},\"parentId\":0,\"path\":\"VEM\",\"perms\":\"\",\"routeName\":\"\",\"status\":\"0\",\"updateBy\":\"admin\",\"visible\":\"0\"}','{\"msg\":\"操作成功\",\"code\":200}',0,NULL,'2025-02-19 21:59:47',8),(209,'菜单管理',2,'com.ruoyi.web.controller.system.SysMenuController.edit()','PUT',1,'admin','研发部门','/system/menu','127.0.0.1','内网IP','{\"children\":[],\"component\":\"info/info/index\",\"createTime\":\"2024-11-20 21:39:15\",\"icon\":\"build\",\"isCache\":\"0\",\"isFrame\":\"1\",\"menuId\":2015,\"menuName\":\"售货机管理\",\"menuType\":\"C\",\"orderNum\":1,\"params\":{},\"parentId\":2008,\"path\":\"info\",\"perms\":\"info:info:list\",\"routeName\":\"\",\"status\":\"0\",\"updateBy\":\"admin\",\"visible\":\"0\"}','{\"msg\":\"操作成功\",\"code\":200}',0,NULL,'2025-02-19 22:00:08',8),(210,'菜单管理',2,'com.ruoyi.web.controller.system.SysMenuController.edit()','PUT',1,'admin','研发部门','/system/menu','127.0.0.1','内网IP','{\"children\":[],\"component\":\"product/product/index\",\"createTime\":\"2025-02-16 18:01:55\",\"icon\":\"build\",\"isCache\":\"0\",\"isFrame\":\"1\",\"menuId\":2081,\"menuName\":\"商品信息\",\"menuType\":\"C\",\"orderNum\":1,\"params\":{},\"parentId\":2008,\"path\":\"product\",\"perms\":\"product:product:list\",\"routeName\":\"\",\"status\":\"0\",\"updateBy\":\"admin\",\"visible\":\"0\"}','{\"msg\":\"操作成功\",\"code\":200}',0,NULL,'2025-02-19 22:00:31',8),(211,'菜单管理',2,'com.ruoyi.web.controller.system.SysMenuController.edit()','PUT',1,'admin','研发部门','/system/menu','127.0.0.1','内网IP','{\"children\":[],\"component\":\"vemSys/sales/index\",\"createTime\":\"2025-02-16 18:07:39\",\"icon\":\"build\",\"isCache\":\"0\",\"isFrame\":\"1\",\"menuId\":2087,\"menuName\":\"售货机单商品销售信息\",\"menuType\":\"C\",\"orderNum\":1,\"params\":{},\"parentId\":2008,\"path\":\"sales\",\"perms\":\"vemSys:sales:list\",\"routeName\":\"\",\"status\":\"0\",\"updateBy\":\"admin\",\"visible\":\"0\"}','{\"msg\":\"操作成功\",\"code\":200}',0,NULL,'2025-02-19 22:00:36',7),(212,'菜单管理',2,'com.ruoyi.web.controller.system.SysMenuController.edit()','PUT',1,'admin','研发部门','/system/menu','127.0.0.1','内网IP','{\"children\":[],\"component\":\"total_profile/profile/index\",\"createTime\":\"2025-02-17 21:37:39\",\"icon\":\"build\",\"isCache\":\"0\",\"isFrame\":\"1\",\"menuId\":2105,\"menuName\":\"售货机利润\",\"menuType\":\"C\",\"orderNum\":1,\"params\":{},\"parentId\":2008,\"path\":\"profile\",\"perms\":\"total_profile:profile:list\",\"routeName\":\"\",\"status\":\"0\",\"updateBy\":\"admin\",\"visible\":\"0\"}','{\"msg\":\"操作成功\",\"code\":200}',0,NULL,'2025-02-19 22:00:41',7),(213,'菜单管理',2,'com.ruoyi.web.controller.system.SysMenuController.edit()','PUT',1,'admin','研发部门','/system/menu','127.0.0.1','内网IP','{\"children\":[],\"component\":\"repair_records/repairRecords/index\",\"createTime\":\"2025-02-18 21:16:40\",\"icon\":\"build\",\"isCache\":\"0\",\"isFrame\":\"1\",\"menuId\":2111,\"menuName\":\"售货机维修记录\",\"menuType\":\"C\",\"orderNum\":1,\"params\":{},\"parentId\":2008,\"path\":\"repairRecords\",\"perms\":\"repair_records:repairRecords:list\",\"routeName\":\"\",\"status\":\"0\",\"updateBy\":\"admin\",\"visible\":\"0\"}','{\"msg\":\"操作成功\",\"code\":200}',0,NULL,'2025-02-19 22:00:44',8),(214,'菜单管理',2,'com.ruoyi.web.controller.system.SysMenuController.edit()','PUT',1,'admin','研发部门','/system/menu','127.0.0.1','内网IP','{\"children\":[],\"component\":\"scrap_records/records/index\",\"createTime\":\"2025-02-19 21:57:59\",\"icon\":\"build\",\"isCache\":\"0\",\"isFrame\":\"1\",\"menuId\":2123,\"menuName\":\"售货机报废\",\"menuType\":\"C\",\"orderNum\":1,\"params\":{},\"parentId\":2008,\"path\":\"records\",\"perms\":\"scrap_records:records:list\",\"routeName\":\"\",\"status\":\"0\",\"updateBy\":\"admin\",\"visible\":\"0\"}','{\"msg\":\"操作成功\",\"code\":200}',0,NULL,'2025-02-19 22:00:47',7),(215,'售货机报废',1,'com.ruoyi.vemSys.controller.VemScrapRecordsController.add()','POST',1,'admin','研发部门','/scrap_records/records','127.0.0.1','内网IP','{\"createTime\":\"2025-02-26 20:17:14\",\"params\":{},\"scrapReason\":\"3\",\"vemId\":1,\"vemVersion\":\"2\"}','{\"msg\":\"操作成功\",\"code\":200}',0,NULL,'2025-02-26 20:17:14',23),(216,'售货机报废',1,'com.ruoyi.vemSys.controller.VemScrapRecordsController.add()','POST',1,'admin','研发部门','/scrap_records/records','127.0.0.1','内网IP','{\"createTime\":\"2025-02-26 20:21:33\",\"params\":{},\"scrapReason\":\"4\",\"vemId\":2,\"vemVersion\":\"3\"}','{\"msg\":\"操作成功\",\"code\":200}',0,NULL,'2025-02-26 20:21:33',5225),(217,'售货机报废',1,'com.ruoyi.vemSys.controller.VemScrapRecordsController.add()','POST',1,'admin','研发部门','/scrap_records/records','127.0.0.1','内网IP','{\"createTime\":\"2025-02-26 20:28:57\",\"params\":{},\"scrapReason\":\"6\",\"vemId\":4,\"vemVersion\":\"5\"}','{\"msg\":\"操作成功\",\"code\":200}',0,NULL,'2025-02-26 20:28:57',2471),(218,'售货机报废',3,'com.ruoyi.vemSys.controller.VemScrapRecordsController.remove()','DELETE',1,'admin','研发部门','/scrap_records/records/1','127.0.0.1','内网IP','[1]','{\"msg\":\"操作成功\",\"code\":200}',0,NULL,'2025-02-26 20:34:03',19),(219,'售货机报废',1,'com.ruoyi.vemSys.controller.VemScrapRecordsController.add()','POST',1,'admin','研发部门','/scrap_records/records','127.0.0.1','内网IP','{\"createTime\":\"2025-02-26 20:53:52\",\"params\":{},\"scrapReason\":\"4\",\"vemId\":2,\"vemVersion\":\"34\"}','{\"msg\":\"操作成功\",\"code\":200}',0,NULL,'2025-02-26 20:53:52',96),(220,'售货机报废',3,'com.ruoyi.vemSys.controller.VemScrapRecordsController.remove()','DELETE',1,'admin','研发部门','/scrap_records/records/,','127.0.0.1','内网IP','[null,null]','{\"msg\":\"操作失败\",\"code\":500}',0,NULL,'2025-02-26 20:57:09',12),(221,'售货机报废',3,'com.ruoyi.vemSys.controller.VemScrapRecordsController.remove()','DELETE',1,'admin','研发部门','/scrap_records/records/,','127.0.0.1','内网IP','[null,null]','{\"msg\":\"操作失败\",\"code\":500}',0,NULL,'2025-02-26 20:57:12',3),(222,'售货机报废',3,'com.ruoyi.vemSys.controller.VemScrapRecordsController.remove()','DELETE',1,'admin','研发部门','/scrap_records/records/,','127.0.0.1','内网IP','[null,null]','{\"msg\":\"操作失败\",\"code\":500}',0,NULL,'2025-02-26 20:57:17',4),(223,'售货机报废',3,'com.ruoyi.vemSys.controller.VemScrapRecordsController.remove()','DELETE',1,'admin','研发部门','/scrap_records/records/1','127.0.0.1','内网IP','[1]','{\"msg\":\"操作成功\",\"code\":200}',0,NULL,'2025-02-26 20:57:46',5),(224,'售货机报废',1,'com.ruoyi.vemSys.controller.VemScrapRecordsController.add()','POST',1,'admin','研发部门','/scrap_records/records','127.0.0.1','内网IP','{\"createTime\":\"2025-02-26 20:59:30\",\"params\":{},\"scrapReason\":\"4\",\"vemId\":2,\"vemVersion\":\"3\"}','{\"msg\":\"操作成功\",\"code\":200}',0,NULL,'2025-02-26 20:59:30',19),(225,'售货机报废',1,'com.ruoyi.vemSys.controller.VemScrapRecordsController.add()','POST',1,'admin','研发部门','/scrap_records/records','127.0.0.1','内网IP','{\"createTime\":\"2025-02-26 21:05:17\",\"params\":{},\"scrapReason\":\"3\",\"vemId\":1,\"vemVersion\":\"2\"}',NULL,1,'Invalid bound statement (not found): com.ruoyi.vemSys.mapper.VemScrapRecordsMapper.updateVemRecords','2025-02-26 21:05:17',3287),(226,'售货机报废',3,'com.ruoyi.vemSys.controller.VemScrapRecordsController.remove()','DELETE',1,'admin','研发部门','/scrap_records/records/5','127.0.0.1','内网IP','[5]','{\"msg\":\"操作成功\",\"code\":200}',0,NULL,'2025-02-26 21:12:20',12260),(227,'售货机报废',3,'com.ruoyi.vemSys.controller.VemScrapRecordsController.remove()','DELETE',1,'admin','研发部门','/scrap_records/records/5','127.0.0.1','内网IP','[5]','{\"msg\":\"操作失败\",\"code\":500}',0,NULL,'2025-02-26 21:12:25',2),(228,'售货机报废',1,'com.ruoyi.vemSys.controller.VemScrapRecordsController.add()','POST',1,'admin','研发部门','/scrap_records/records','127.0.0.1','内网IP','{\"createTime\":\"2025-02-26 21:12:32\",\"params\":{},\"scrapReason\":\"3\",\"vemId\":1,\"vemVersion\":\"2\"}',NULL,1,'Invalid bound statement (not found): com.ruoyi.vemSys.mapper.VemScrapRecordsMapper.updateVemRecords','2025-02-26 21:12:32',15),(229,'售货机报废',1,'com.ruoyi.vemSys.controller.VemScrapRecordsController.add()','POST',1,'admin','研发部门','/scrap_records/records','127.0.0.1','内网IP','{\"createTime\":\"2025-02-26 21:12:36\",\"params\":{},\"scrapReason\":\"3\",\"vemId\":1,\"vemVersion\":\"2\"}',NULL,1,'Invalid bound statement (not found): com.ruoyi.vemSys.mapper.VemScrapRecordsMapper.updateVemRecords','2025-02-26 21:12:36',5),(230,'售货机报废',1,'com.ruoyi.vemSys.controller.VemScrapRecordsController.add()','POST',1,'admin','研发部门','/scrap_records/records','127.0.0.1','内网IP','{\"createTime\":\"2025-02-26 21:12:37\",\"params\":{},\"scrapReason\":\"3\",\"vemId\":1,\"vemVersion\":\"2\"}',NULL,1,'Invalid bound statement (not found): com.ruoyi.vemSys.mapper.VemScrapRecordsMapper.updateVemRecords','2025-02-26 21:12:37',6),(231,'售货机报废',3,'com.ruoyi.vemSys.controller.VemScrapRecordsController.remove()','DELETE',1,'admin','研发部门','/scrap_records/records/6','127.0.0.1','内网IP','[6]','{\"msg\":\"操作成功\",\"code\":200}',0,NULL,'2025-02-26 21:26:14',19),(232,'售货机报废',3,'com.ruoyi.vemSys.controller.VemScrapRecordsController.remove()','DELETE',1,'admin','研发部门','/scrap_records/records/7','127.0.0.1','内网IP','[7]','{\"msg\":\"操作成功\",\"code\":200}',0,NULL,'2025-02-26 21:26:16',6),(233,'售货机报废',3,'com.ruoyi.vemSys.controller.VemScrapRecordsController.remove()','DELETE',1,'admin','研发部门','/scrap_records/records/8','127.0.0.1','内网IP','[8]','{\"msg\":\"操作成功\",\"code\":200}',0,NULL,'2025-02-26 21:26:17',5),(234,'售货机报废',1,'com.ruoyi.vemSys.controller.VemScrapRecordsController.add()','POST',1,'admin','研发部门','/scrap_records/records','127.0.0.1','内网IP','{\"createTime\":\"2025-02-26 21:26:23\",\"params\":{},\"scrapReason\":\"3\",\"vemId\":1,\"vemVersion\":\"2\"}',NULL,1,'Invalid bound statement (not found): com.ruoyi.vemSys.mapper.VemScrapRecordsMapper.updateVemRecords','2025-02-26 21:26:23',14),(235,'售货机报废',1,'com.ruoyi.vemSys.controller.VemScrapRecordsController.add()','POST',1,'admin','研发部门','/scrap_records/records','127.0.0.1','内网IP','{\"createTime\":\"2025-02-26 21:26:31\",\"params\":{},\"scrapReason\":\"3\",\"vemId\":1,\"vemVersion\":\"2\"}',NULL,1,'Invalid bound statement (not found): com.ruoyi.vemSys.mapper.VemScrapRecordsMapper.updateVemRecords','2025-02-26 21:26:31',6),(236,'售货机报废',1,'com.ruoyi.vemSys.controller.VemScrapRecordsController.add()','POST',1,'admin','研发部门','/scrap_records/records','127.0.0.1','内网IP','{\"createTime\":\"2025-02-26 21:28:41\",\"params\":{},\"scrapReason\":\"5\",\"vemId\":3,\"vemVersion\":\"4\"}',NULL,1,'Invalid bound statement (not found): com.ruoyi.vemSys.mapper.VemScrapRecordsMapper.insertVemScrapRecords1','2025-02-26 21:28:41',9),(237,'售货机报废',1,'com.ruoyi.vemSys.controller.VemScrapRecordsController.add()','POST',1,'admin','研发部门','/scrap_records/records','127.0.0.1','内网IP','{\"createTime\":\"2025-02-26 21:28:43\",\"params\":{},\"scrapReason\":\"5\",\"vemId\":3,\"vemVersion\":\"4\"}',NULL,1,'Invalid bound statement (not found): com.ruoyi.vemSys.mapper.VemScrapRecordsMapper.insertVemScrapRecords1','2025-02-26 21:28:43',0),(238,'售货机报废',1,'com.ruoyi.vemSys.controller.VemScrapRecordsController.add()','POST',1,'admin','研发部门','/scrap_records/records','127.0.0.1','内网IP','{\"createTime\":\"2025-02-26 21:29:09\",\"params\":{},\"scrapReason\":\"5\",\"vemId\":3,\"vemVersion\":\"4\"}',NULL,1,'Invalid bound statement (not found): com.ruoyi.vemSys.mapper.VemScrapRecordsMapper.insertVemScrapRecords1','2025-02-26 21:33:00',231137),(239,'售货机报废',1,'com.ruoyi.vemSys.controller.VemScrapRecordsController.add()','POST',1,'admin','研发部门','/scrap_records/records','127.0.0.1','内网IP','{\"createTime\":\"2025-02-26 21:33:22\",\"params\":{},\"scrapReason\":\"6\",\"vemId\":5,\"vemVersion\":\"67\"}','{\"msg\":\"操作成功\",\"code\":200}',0,NULL,'2025-02-26 21:33:24',2092),(240,'售货机报废',1,'com.ruoyi.vemSys.controller.VemScrapRecordsController.add()','POST',1,'admin','研发部门','/scrap_records/records','127.0.0.1','内网IP','{\"createTime\":\"2025-02-26 21:37:24\",\"params\":{},\"scrapReason\":\"8\",\"vemId\":1,\"vemVersion\":\"7\"}',NULL,1,'\r\n### Error updating database.  Cause: java.sql.SQLSyntaxErrorException: Unknown column \'scrap_id\' in \'where clause\'\r\n### The error may exist in file [D:\\1work\\resultFin\\Ruoyi_java\\ruoyi-vemSys\\target\\classes\\mapper\\scrap_records\\VemScrapRecordsMapper.xml]\r\n### The error may involve com.ruoyi.vemSys.mapper.VemScrapRecordsMapper.updateVemInfoRecords-Inline\r\n### The error occurred while setting parameters\r\n### SQL: update vem_info set status = \"114514\"         where scrap_id = ?\r\n### Cause: java.sql.SQLSyntaxErrorException: Unknown column \'scrap_id\' in \'where clause\'\n; bad SQL grammar []; nested exception is java.sql.SQLSyntaxErrorException: Unknown column \'scrap_id\' in \'where clause\'','2025-02-26 21:37:24',147),(241,'售货机报废',1,'com.ruoyi.vemSys.controller.VemScrapRecordsController.add()','POST',1,'admin','研发部门','/scrap_records/records','127.0.0.1','内网IP','{\"createTime\":\"2025-02-26 21:41:06\",\"params\":{},\"scrapReason\":\"6\",\"vemId\":1,\"vemVersion\":\"5\"}','{\"msg\":\"操作成功\",\"code\":200}',0,NULL,'2025-02-26 21:41:06',110),(242,'售货机管理',5,'com.ruoyi.info.controller.VemInfoController.export()','POST',1,'admin','研发部门','/info/info/export','127.0.0.1','内网IP','{\"pageSize\":\"10\",\"pageNum\":\"3\"}',NULL,0,NULL,'2025-03-09 17:00:27',807),(243,'代码生成',2,'com.ruoyi.generator.controller.GenController.synchDb()','GET',1,'admin','研发部门','/tool/gen/synchDb/vem_repair_records','127.0.0.1','内网IP','{}','{\"msg\":\"操作成功\",\"code\":200}',0,NULL,'2025-03-12 20:35:54',54),(244,'代码生成',2,'com.ruoyi.generator.controller.GenController.synchDb()','GET',1,'admin','研发部门','/tool/gen/synchDb/vem_repair_records','127.0.0.1','内网IP','{}','{\"msg\":\"操作成功\",\"code\":200}',0,NULL,'2025-03-12 20:36:23',28),(245,'代码生成',2,'com.ruoyi.generator.controller.GenController.editSave()','PUT',1,'admin','研发部门','/tool/gen','127.0.0.1','内网IP','{\"businessName\":\"repairRecords\",\"className\":\"VemRepairRecords\",\"columns\":[{\"capJavaField\":\"RecordId\",\"columnComment\":\"维修记录id\",\"columnId\":56,\"columnName\":\"record_id\",\"columnType\":\"int\",\"createBy\":\"admin\",\"createTime\":\"2025-02-18 21:07:41\",\"dictType\":\"\",\"edit\":true,\"htmlType\":\"input\",\"increment\":false,\"insert\":true,\"isEdit\":\"1\",\"isIncrement\":\"0\",\"isInsert\":\"1\",\"isList\":\"1\",\"isPk\":\"0\",\"isQuery\":\"1\",\"isRequired\":\"0\",\"javaField\":\"recordId\",\"javaType\":\"Long\",\"list\":true,\"params\":{},\"pk\":false,\"query\":true,\"queryType\":\"EQ\",\"required\":false,\"sort\":1,\"superColumn\":false,\"tableId\":7,\"updateBy\":\"\",\"updateTime\":\"2025-03-12 20:36:23\",\"usableColumn\":false},{\"capJavaField\":\"VemId\",\"columnComment\":\"售货机id\",\"columnId\":57,\"columnName\":\"vem_id\",\"columnType\":\"int\",\"createBy\":\"admin\",\"createTime\":\"2025-02-18 21:07:41\",\"dictType\":\"\",\"edit\":true,\"htmlType\":\"input\",\"increment\":false,\"insert\":true,\"isEdit\":\"1\",\"isIncrement\":\"0\",\"isInsert\":\"1\",\"isList\":\"1\",\"isPk\":\"0\",\"isQuery\":\"1\",\"isRequired\":\"0\",\"javaField\":\"vemId\",\"javaType\":\"Long\",\"list\":true,\"params\":{},\"pk\":false,\"query\":true,\"queryType\":\"EQ\",\"required\":false,\"sort\":2,\"superColumn\":false,\"tableId\":7,\"updateBy\":\"\",\"updateTime\":\"2025-03-12 20:36:23\",\"usableColumn\":false},{\"capJavaField\":\"VemLocation\",\"columnComment\":\"售货机位置\",\"columnId\":58,\"columnName\":\"vem_location\",\"columnType\":\"varchar(20)\",\"createBy\":\"admin\",\"createTime\":\"2025-02-18 21:07:41\",\"dictType\":\"\",\"edit\":true,\"htmlType\":\"input\",\"increment\":false,\"insert\":true,\"isEdit\":\"1\",\"isIncrement\":\"0\",\"isInsert\":\"1\",\"isList\":\"1\",\"isPk\":\"0\",\"isQuery\":\"1\",\"isRequired\":\"0\",\"javaField\":\"vemLocation\",\"javaType\":\"String\",\"list\":true,\"params\":{},\"pk\":false,\"query\":true,\"queryType\":\"EQ\",\"required\":false,\"sort\":3,\"superColumn\":false,\"tableId\":7,\"updateBy\":\"\",\"updateTime\":\"2025-03-12 20:36:23\",\"usableColumn\":false},{\"capJavaField\":\"Repairers\",\"columnComment\":\"维修者\",\"columnId\":59,\"columnName\":\"Repairers\",\"columnType\":\"varchar(20)\",\"createBy\":\"admin\",\"createTime\":\"2025-02-18 21:07:41\",\"dictType\":\"\",\"ed','{\"msg\":\"操作成功\",\"code\":200}',0,NULL,'2025-03-12 20:37:01',32),(246,'代码生成',8,'com.ruoyi.generator.controller.GenController.batchGenCode()','GET',1,'admin','研发部门','/tool/gen/batchGenCode','127.0.0.1','内网IP','{\"tables\":\"vem_repair_records\"}',NULL,0,NULL,'2025-03-12 20:37:05',202),(247,'字典数据',1,'com.ruoyi.web.controller.system.SysDictDataController.add()','POST',1,'admin','研发部门','/system/dict/data','127.0.0.1','内网IP','{\"createBy\":\"admin\",\"default\":false,\"dictLabel\":\"维修失败\",\"dictSort\":3,\"dictType\":\"sys_repair_compelete\",\"dictValue\":\"2\",\"listClass\":\"default\",\"params\":{},\"status\":\"0\"}','{\"msg\":\"操作成功\",\"code\":200}',0,NULL,'2025-03-12 21:06:00',92),(248,'售货机管理',1,'com.ruoyi.info.controller.VemInfoController.add()','POST',1,'admin','研发部门','/info/info','127.0.0.1','内网IP','{\"id\":26,\"location\":\"中国科学技术大学校区\",\"params\":{},\"status\":\"0\",\"suppliers\":\"1\",\"version\":\"保护伞公司\"}','{\"msg\":\"操作成功\",\"code\":200}',0,NULL,'2025-03-24 21:21:39',37),(249,'售货机管理',1,'com.ruoyi.info.controller.VemInfoController.add()','POST',1,'admin','研发部门','/info/info','127.0.0.1','内网IP','{\"createdTime\":\"2025-03-24\",\"id\":27,\"location\":\"1\",\"params\":{},\"status\":\"2\",\"suppliers\":\"0\",\"version\":\"1\"}','{\"msg\":\"操作成功\",\"code\":200}',0,NULL,'2025-03-24 21:44:39',10),(250,'售货机管理',1,'com.ruoyi.info.controller.VemInfoController.add()','POST',1,'admin','研发部门','/info/info','127.0.0.1','内网IP','{\"createdTime\":\"2025-03-24\",\"id\":28,\"location\":\"1\",\"params\":{},\"status\":\"0\",\"suppliers\":\"0\",\"version\":\"1\"}','{\"msg\":\"操作成功\",\"code\":200}',0,NULL,'2025-03-24 21:46:55',8),(251,'售货机管理',3,'com.ruoyi.info.controller.VemInfoController.remove()','DELETE',1,'admin','研发部门','/info/info/27','127.0.0.1','内网IP','[27]','{\"msg\":\"操作成功\",\"code\":200}',0,NULL,'2025-03-24 21:47:09',13),(252,'售货机管理',3,'com.ruoyi.info.controller.VemInfoController.remove()','DELETE',1,'admin','研发部门','/info/info/28','127.0.0.1','内网IP','[28]','{\"msg\":\"操作成功\",\"code\":200}',0,NULL,'2025-03-24 21:47:11',8),(253,'售货机管理',3,'com.ruoyi.info.controller.VemInfoController.remove()','DELETE',1,'admin','研发部门','/info/info/26','127.0.0.1','内网IP','[26]','{\"msg\":\"操作成功\",\"code\":200}',0,NULL,'2025-03-24 21:49:38',6),(254,'售货机管理',1,'com.ruoyi.info.controller.VemInfoController.add()','POST',1,'admin','研发部门','/info/info','127.0.0.1','内网IP','{\"createdTime\":\"2025-03-24\",\"id\":29,\"location\":\"中国科学技术大学校区\",\"params\":{},\"status\":\"0\",\"suppliers\":\"1\",\"version\":\"保护伞公司\"}','{\"msg\":\"操作成功\",\"code\":200}',0,NULL,'2025-03-24 21:50:09',7),(255,'售货机管理',1,'com.ruoyi.info.controller.VemInfoController.add()','POST',1,'admin','研发部门','/info/info','127.0.0.1','内网IP','{\"createdTime\":\"2025-03-24\",\"id\":30,\"location\":\"1\",\"params\":{},\"status\":\"0\",\"suppliers\":\"0\",\"version\":\"1\"}','{\"msg\":\"操作成功\",\"code\":200}',0,NULL,'2025-03-24 21:58:23',8),(256,'售货机利润',2,'com.ruoyi.profile.controller.VemProfileController.edit()','PUT',1,'admin','研发部门','/total_profile/profile','127.0.0.1','内网IP','{\"createdTime\":\"2023-01-15\",\"params\":{},\"productInfoList\":[{\"createtime\":\"2023-05-12\",\"extendfield\":\"{\\\"规格\\\": \\\"550ml\\\", \\\"保质期\\\": 24, \\\"生产商\\\": \\\"清泉股份\\\"}\",\"id\":1,\"params\":{},\"productCost\":1,\"productName\":\"矿泉水\",\"productNumber\":150,\"productProfile\":1,\"productSell\":2,\"updatetime\":\"2024-02-18\"},{\"id\":1,\"params\":{},\"productCost\":1,\"productName\":\"1\",\"productNumber\":1,\"productProfile\":1,\"productSell\":1}],\"remainingQuantity\":207,\"soldQuantity\":23,\"totalProfit\":77,\"updatedTime\":\"2023-02-20\",\"vemId\":1}','{\"msg\":\"操作成功\",\"code\":200}',0,NULL,'2025-03-25 21:21:42',33),(257,'售货机利润',2,'com.ruoyi.profile.controller.VemProfileController.edit()','PUT',1,'admin','研发部门','/total_profile/profile','127.0.0.1','内网IP','{\"createdTime\":\"2023-01-15\",\"params\":{},\"productInfoList\":[{\"createtime\":\"2023-05-12\",\"extendfield\":\"{\\\"规格\\\": \\\"550ml\\\", \\\"保质期\\\": 24, \\\"生产商\\\": \\\"清泉股份\\\"}\",\"id\":1,\"params\":{},\"productCost\":1,\"productName\":\"矿泉水\",\"productNumber\":150,\"productProfile\":1,\"productSell\":2,\"updatetime\":\"2024-02-18\"},{\"id\":1,\"params\":{},\"productCost\":1,\"productName\":\"1\",\"productNumber\":1,\"productProfile\":1,\"productSell\":1}],\"remainingQuantity\":207,\"soldQuantity\":23,\"totalProfit\":77,\"updatedTime\":\"2023-02-20\",\"vemId\":1}','{\"msg\":\"操作成功\",\"code\":200}',0,NULL,'2025-03-25 21:22:20',10),(258,'售货机利润',2,'com.ruoyi.profile.controller.VemProfileController.edit()','PUT',1,'admin','研发部门','/total_profile/profile','127.0.0.1','内网IP','{\"createdTime\":\"2023-01-15\",\"params\":{},\"productInfoList\":[{\"createtime\":\"2023-05-12\",\"extendfield\":\"{\\\"规格\\\": \\\"550ml\\\", \\\"保质期\\\": 24, \\\"生产商\\\": \\\"清泉股份\\\"}\",\"id\":1,\"params\":{},\"productCost\":1,\"productName\":\"矿泉水\",\"productNumber\":150,\"productProfile\":1,\"productSell\":2,\"updatetime\":\"2024-02-18\"}],\"remainingQuantity\":207,\"soldQuantity\":23,\"totalProfit\":77,\"updatedTime\":\"2023-02-20\",\"vemId\":1}','{\"msg\":\"操作成功\",\"code\":200}',0,NULL,'2025-03-25 21:22:47',9),(259,'售货机利润',2,'com.ruoyi.profile.controller.VemProfileController.edit()','PUT',1,'admin','研发部门','/total_profile/profile','127.0.0.1','内网IP','{\"createdTime\":\"2023-01-15\",\"params\":{},\"productInfoList\":[{\"createtime\":\"2023-05-12\",\"extendfield\":\"{\\\"规格\\\": \\\"550ml\\\", \\\"保质期\\\": 24, \\\"生产商\\\": \\\"清泉股份\\\"}\",\"id\":1,\"params\":{},\"productCost\":1,\"productName\":\"矿泉水\",\"productNumber\":150,\"productProfile\":1,\"productSell\":2,\"updatetime\":\"2024-02-18\"},{\"id\":1,\"params\":{},\"productCost\":1,\"productName\":\"1\",\"productNumber\":1,\"productProfile\":1,\"productSell\":1}],\"remainingQuantity\":207,\"soldQuantity\":23,\"totalProfit\":77,\"updatedTime\":\"2023-02-20\",\"vemId\":1}','{\"msg\":\"操作成功\",\"code\":200}',0,NULL,'2025-03-25 21:24:04',9),(260,'售货机利润',2,'com.ruoyi.profile.controller.VemProfileController.edit()','PUT',1,'admin','研发部门','/total_profile/profile','127.0.0.1','内网IP','{\"createdTime\":\"2023-01-15\",\"params\":{},\"productInfoList\":[{\"createtime\":\"2023-05-12\",\"extendfield\":\"{\\\"规格\\\": \\\"550ml\\\", \\\"保质期\\\": 24, \\\"生产商\\\": \\\"清泉股份\\\"}\",\"id\":1,\"params\":{},\"productCost\":1,\"productName\":\"矿泉水\",\"productNumber\":150,\"productProfile\":1,\"productSell\":2,\"updatetime\":\"2024-02-18\"},{\"createtime\":\"2025-03-25\",\"id\":1,\"params\":{},\"productCost\":25,\"productName\":\"巴旦木\",\"productNumber\":200,\"productProfile\":5,\"productSell\":30}],\"remainingQuantity\":207,\"soldQuantity\":23,\"totalProfit\":77,\"updatedTime\":\"2023-02-20\",\"vemId\":1}','{\"msg\":\"操作成功\",\"code\":200}',0,NULL,'2025-03-25 22:00:37',12),(261,'售货机报废',1,'com.ruoyi.vemSys.controller.VemScrapRecordsController.add()','POST',1,'admin','研发部门','/scrap_records/records','127.0.0.1','内网IP','{\"createTime\":\"2025-03-25 22:25:11\",\"params\":{},\"scrapReason\":\"无法维修\",\"vemId\":3}','{\"msg\":\"操作成功\",\"code\":200}',0,NULL,'2025-03-25 22:25:12',22),(262,'角色管理',1,'com.ruoyi.web.controller.system.SysRoleController.add()','POST',1,'admin','研发部门','/system/role','127.0.0.1','内网IP','{\"admin\":false,\"createBy\":\"admin\",\"deptCheckStrictly\":true,\"deptIds\":[],\"flag\":false,\"menuCheckStrictly\":true,\"menuIds\":[2008,2015,2016,2017,2018,2019,2020,2081,2082,2083,2084,2085,2086],\"params\":{},\"roleId\":100,\"roleKey\":\"test\",\"roleName\":\"test\",\"roleSort\":3,\"status\":\"0\"}','{\"msg\":\"操作成功\",\"code\":200}',0,NULL,'2025-03-25 22:34:03',20),(263,'用户管理',1,'com.ruoyi.web.controller.system.SysUserController.add()','POST',1,'admin','研发部门','/system/user','127.0.0.1','内网IP','{\"admin\":false,\"createBy\":\"admin\",\"nickName\":\"test\",\"params\":{},\"postIds\":[],\"roleIds\":[],\"status\":\"0\",\"userId\":100,\"userName\":\"test\"}','{\"msg\":\"操作成功\",\"code\":200}',0,NULL,'2025-03-25 22:38:32',79),(264,'角色管理',2,'com.ruoyi.web.controller.system.SysRoleController.edit()','PUT',1,'admin','研发部门','/system/role','127.0.0.1','内网IP','{\"admin\":false,\"createTime\":\"2025-03-25 22:34:03\",\"dataScope\":\"1\",\"delFlag\":\"0\",\"deptCheckStrictly\":true,\"flag\":false,\"menuCheckStrictly\":true,\"menuIds\":[2008,1,100,1000,1001,1002,1003,1004,1005,1006,101,1007,1008,1009,1010,1011,102,1012,1013,1014,1015,103,1016,1017,1018,1019,104,1020,1021,1022,1023,1024,105,1025,1026,1027,1028,1029,106,1030,1031,1032,1033,1034,107,1035,1036,1037,1038,108,500,1039,1040,1041,501,1042,1043,1044,1045,2015,2016,2017,2018,2019,2020,2081,2082,2083,2084,2085,2086],\"params\":{},\"roleId\":100,\"roleKey\":\"test\",\"roleName\":\"test\",\"roleSort\":3,\"status\":\"0\",\"updateBy\":\"admin\"}','{\"msg\":\"操作成功\",\"code\":200}',0,NULL,'2025-03-25 22:40:21',15),(265,'用户管理',2,'com.ruoyi.web.controller.system.SysUserController.edit()','PUT',1,'admin','研发部门','/system/user','127.0.0.1','内网IP','{\"admin\":false,\"avatar\":\"\",\"createBy\":\"admin\",\"createTime\":\"2025-03-25 22:38:32\",\"delFlag\":\"0\",\"email\":\"\",\"loginDate\":\"2025-03-25 22:39:49\",\"loginIp\":\"127.0.0.1\",\"nickName\":\"test\",\"params\":{},\"phonenumber\":\"\",\"postIds\":[],\"roleIds\":[100],\"roles\":[],\"sex\":\"0\",\"status\":\"0\",\"updateBy\":\"admin\",\"userId\":100,\"userName\":\"test\"}','{\"msg\":\"操作成功\",\"code\":200}',0,NULL,'2025-03-25 22:40:47',10),(266,'角色管理',2,'com.ruoyi.web.controller.system.SysRoleController.edit()','PUT',1,'admin','研发部门','/system/role','127.0.0.1','内网IP','{\"admin\":false,\"createTime\":\"2025-03-25 22:34:03\",\"dataScope\":\"1\",\"delFlag\":\"0\",\"deptCheckStrictly\":true,\"flag\":false,\"menuCheckStrictly\":true,\"menuIds\":[2008,2015,2016,2017,2018,2019,2020,2081,2082,2083,2084,2085,2086],\"params\":{},\"roleId\":100,\"roleKey\":\"test\",\"roleName\":\"test\",\"roleSort\":3,\"status\":\"0\",\"updateBy\":\"admin\"}','{\"msg\":\"操作成功\",\"code\":200}',0,NULL,'2025-03-25 22:41:29',12);
/*!40000 ALTER TABLE `sys_oper_log` ENABLE KEYS */;
UNLOCK TABLES;

--
-- Table structure for table `sys_post`
--

DROP TABLE IF EXISTS `sys_post`;
/*!40101 SET @saved_cs_client     = @@character_set_client */;
/*!50503 SET character_set_client = utf8mb4 */;
CREATE TABLE `sys_post` (
  `post_id` bigint NOT NULL AUTO_INCREMENT COMMENT '岗位ID',
  `post_code` varchar(64) NOT NULL COMMENT '岗位编码',
  `post_name` varchar(50) NOT NULL COMMENT '岗位名称',
  `post_sort` int NOT NULL COMMENT '显示顺序',
  `status` char(1) NOT NULL COMMENT '状态（0正常 1停用）',
  `create_by` varchar(64) DEFAULT '' COMMENT '创建者',
  `create_time` datetime DEFAULT NULL COMMENT '创建时间',
  `update_by` varchar(64) DEFAULT '' COMMENT '更新者',
  `update_time` datetime DEFAULT NULL COMMENT '更新时间',
  `remark` varchar(500) DEFAULT NULL COMMENT '备注',
  PRIMARY KEY (`post_id`)
) ENGINE=InnoDB AUTO_INCREMENT=5 DEFAULT CHARSET=utf8mb4 COLLATE=utf8mb4_0900_ai_ci COMMENT='岗位信息表';
/*!40101 SET character_set_client = @saved_cs_client */;

--
-- Dumping data for table `sys_post`
--

LOCK TABLES `sys_post` WRITE;
/*!40000 ALTER TABLE `sys_post` DISABLE KEYS */;
INSERT INTO `sys_post` VALUES (1,'ceo','董事长',1,'0','admin','2024-11-13 20:55:01','',NULL,''),(2,'se','项目经理',2,'0','admin','2024-11-13 20:55:01','',NULL,''),(3,'hr','人力资源',3,'0','admin','2024-11-13 20:55:01','',NULL,''),(4,'user','普通员工',4,'0','admin','2024-11-13 20:55:01','',NULL,'');
/*!40000 ALTER TABLE `sys_post` ENABLE KEYS */;
UNLOCK TABLES;

--
-- Table structure for table `sys_role`
--

DROP TABLE IF EXISTS `sys_role`;
/*!40101 SET @saved_cs_client     = @@character_set_client */;
/*!50503 SET character_set_client = utf8mb4 */;
CREATE TABLE `sys_role` (
  `role_id` bigint NOT NULL AUTO_INCREMENT COMMENT '角色ID',
  `role_name` varchar(30) NOT NULL COMMENT '角色名称',
  `role_key` varchar(100) NOT NULL COMMENT '角色权限字符串',
  `role_sort` int NOT NULL COMMENT '显示顺序',
  `data_scope` char(1) DEFAULT '1' COMMENT '数据范围（1：全部数据权限 2：自定数据权限 3：本部门数据权限 4：本部门及以下数据权限）',
  `menu_check_strictly` tinyint(1) DEFAULT '1' COMMENT '菜单树选择项是否关联显示',
  `dept_check_strictly` tinyint(1) DEFAULT '1' COMMENT '部门树选择项是否关联显示',
  `status` char(1) NOT NULL COMMENT '角色状态（0正常 1停用）',
  `del_flag` char(1) DEFAULT '0' COMMENT '删除标志（0代表存在 2代表删除）',
  `create_by` varchar(64) DEFAULT '' COMMENT '创建者',
  `create_time` datetime DEFAULT NULL COMMENT '创建时间',
  `update_by` varchar(64) DEFAULT '' COMMENT '更新者',
  `update_time` datetime DEFAULT NULL COMMENT '更新时间',
  `remark` varchar(500) DEFAULT NULL COMMENT '备注',
  PRIMARY KEY (`role_id`)
) ENGINE=InnoDB AUTO_INCREMENT=101 DEFAULT CHARSET=utf8mb4 COLLATE=utf8mb4_0900_ai_ci COMMENT='角色信息表';
/*!40101 SET character_set_client = @saved_cs_client */;

--
-- Dumping data for table `sys_role`
--

LOCK TABLES `sys_role` WRITE;
/*!40000 ALTER TABLE `sys_role` DISABLE KEYS */;
INSERT INTO `sys_role` VALUES (1,'超级管理员','admin',1,'1',1,1,'0','0','admin','2024-11-13 20:55:01','',NULL,'超级管理员'),(2,'普通角色','common',2,'2',1,1,'0','0','admin','2024-11-13 20:55:01','',NULL,'普通角色'),(100,'test','test',3,'1',1,1,'0','0','admin','2025-03-25 22:34:03','admin','2025-03-25 22:41:29',NULL);
/*!40000 ALTER TABLE `sys_role` ENABLE KEYS */;
UNLOCK TABLES;

--
-- Table structure for table `sys_role_dept`
--

DROP TABLE IF EXISTS `sys_role_dept`;
/*!40101 SET @saved_cs_client     = @@character_set_client */;
/*!50503 SET character_set_client = utf8mb4 */;
CREATE TABLE `sys_role_dept` (
  `role_id` bigint NOT NULL COMMENT '角色ID',
  `dept_id` bigint NOT NULL COMMENT '部门ID',
  PRIMARY KEY (`role_id`,`dept_id`)
) ENGINE=InnoDB DEFAULT CHARSET=utf8mb4 COLLATE=utf8mb4_0900_ai_ci COMMENT='角色和部门关联表';
/*!40101 SET character_set_client = @saved_cs_client */;

--
-- Dumping data for table `sys_role_dept`
--

LOCK TABLES `sys_role_dept` WRITE;
/*!40000 ALTER TABLE `sys_role_dept` DISABLE KEYS */;
INSERT INTO `sys_role_dept` VALUES (2,100),(2,101),(2,105);
/*!40000 ALTER TABLE `sys_role_dept` ENABLE KEYS */;
UNLOCK TABLES;

--
-- Table structure for table `sys_role_menu`
--

DROP TABLE IF EXISTS `sys_role_menu`;
/*!40101 SET @saved_cs_client     = @@character_set_client */;
/*!50503 SET character_set_client = utf8mb4 */;
CREATE TABLE `sys_role_menu` (
  `role_id` bigint NOT NULL COMMENT '角色ID',
  `menu_id` bigint NOT NULL COMMENT '菜单ID',
  PRIMARY KEY (`role_id`,`menu_id`)
) ENGINE=InnoDB DEFAULT CHARSET=utf8mb4 COLLATE=utf8mb4_0900_ai_ci COMMENT='角色和菜单关联表';
/*!40101 SET character_set_client = @saved_cs_client */;

--
-- Dumping data for table `sys_role_menu`
--

LOCK TABLES `sys_role_menu` WRITE;
/*!40000 ALTER TABLE `sys_role_menu` DISABLE KEYS */;
INSERT INTO `sys_role_menu` VALUES (2,1),(2,2),(2,3),(2,4),(2,100),(2,101),(2,102),(2,103),(2,104),(2,105),(2,106),(2,107),(2,108),(2,109),(2,110),(2,111),(2,112),(2,113),(2,114),(2,115),(2,116),(2,117),(2,500),(2,501),(2,1000),(2,1001),(2,1002),(2,1003),(2,1004),(2,1005),(2,1006),(2,1007),(2,1008),(2,1009),(2,1010),(2,1011),(2,1012),(2,1013),(2,1014),(2,1015),(2,1016),(2,1017),(2,1018),(2,1019),(2,1020),(2,1021),(2,1022),(2,1023),(2,1024),(2,1025),(2,1026),(2,1027),(2,1028),(2,1029),(2,1030),(2,1031),(2,1032),(2,1033),(2,1034),(2,1035),(2,1036),(2,1037),(2,1038),(2,1039),(2,1040),(2,1041),(2,1042),(2,1043),(2,1044),(2,1045),(2,1046),(2,1047),(2,1048),(2,1049),(2,1050),(2,1051),(2,1052),(2,1053),(2,1054),(2,1055),(2,1056),(2,1057),(2,1058),(2,1059),(2,1060),(100,2008),(100,2015),(100,2016),(100,2017),(100,2018),(100,2019),(100,2020),(100,2081),(100,2082),(100,2083),(100,2084),(100,2085),(100,2086);
/*!40000 ALTER TABLE `sys_role_menu` ENABLE KEYS */;
UNLOCK TABLES;

--
-- Table structure for table `sys_user`
--

DROP TABLE IF EXISTS `sys_user`;
/*!40101 SET @saved_cs_client     = @@character_set_client */;
/*!50503 SET character_set_client = utf8mb4 */;
CREATE TABLE `sys_user` (
  `user_id` bigint NOT NULL AUTO_INCREMENT COMMENT '用户ID',
  `dept_id` bigint DEFAULT NULL COMMENT '部门ID',
  `user_name` varchar(30) NOT NULL COMMENT '用户账号',
  `nick_name` varchar(30) NOT NULL COMMENT '用户昵称',
  `user_type` varchar(2) DEFAULT '00' COMMENT '用户类型（00系统用户）',
  `email` varchar(50) DEFAULT '' COMMENT '用户邮箱',
  `phonenumber` varchar(11) DEFAULT '' COMMENT '手机号码',
  `sex` char(1) DEFAULT '0' COMMENT '用户性别（0男 1女 2未知）',
  `avatar` varchar(100) DEFAULT '' COMMENT '头像地址',
  `password` varchar(100) DEFAULT '' COMMENT '密码',
  `status` char(1) DEFAULT '0' COMMENT '帐号状态（0正常 1停用）',
  `del_flag` char(1) DEFAULT '0' COMMENT '删除标志（0代表存在 2代表删除）',
  `login_ip` varchar(128) DEFAULT '' COMMENT '最后登录IP',
  `login_date` datetime DEFAULT NULL COMMENT '最后登录时间',
  `create_by` varchar(64) DEFAULT '' COMMENT '创建者',
  `create_time` datetime DEFAULT NULL COMMENT '创建时间',
  `update_by` varchar(64) DEFAULT '' COMMENT '更新者',
  `update_time` datetime DEFAULT NULL COMMENT '更新时间',
  `remark` varchar(500) DEFAULT NULL COMMENT '备注',
  PRIMARY KEY (`user_id`)
) ENGINE=InnoDB AUTO_INCREMENT=101 DEFAULT CHARSET=utf8mb4 COLLATE=utf8mb4_0900_ai_ci COMMENT='用户信息表';
/*!40101 SET character_set_client = @saved_cs_client */;

--
-- Dumping data for table `sys_user`
--

LOCK TABLES `sys_user` WRITE;
/*!40000 ALTER TABLE `sys_user` DISABLE KEYS */;
INSERT INTO `sys_user` VALUES (1,103,'admin','若依','00','ry@163.com','15888888888','1','/profile/avatar/2025/02/16/mrx3 (12)_20250216123128A001.png','$2a$10$7JB720yubVSZvUI0rEqK/.VqGOZTH.ulu33dHOiBE8ByOhJIrdAu2','0','0','127.0.0.1','2025-04-15 19:30:45','admin','2024-11-13 20:55:01','','2025-04-15 19:30:45','管理员'),(2,105,'ry','若依','00','ry@qq.com','15666666666','1','','$2a$10$7JB720yubVSZvUI0rEqK/.VqGOZTH.ulu33dHOiBE8ByOhJIrdAu2','0','0','127.0.0.1','2024-11-13 20:55:01','admin','2024-11-13 20:55:01','',NULL,'测试员'),(100,NULL,'test','test','00','','','0','','$2a$10$0cMhBFUDvyk11ddUGyZZ8.nxyQnQJGG1.y0sdjTC5DomkRfGhOl.6','0','0','127.0.0.1','2025-03-25 22:41:38','admin','2025-03-25 22:38:32','admin','2025-03-25 22:41:37',NULL);
/*!40000 ALTER TABLE `sys_user` ENABLE KEYS */;
UNLOCK TABLES;

--
-- Table structure for table `sys_user_post`
--

DROP TABLE IF EXISTS `sys_user_post`;
/*!40101 SET @saved_cs_client     = @@character_set_client */;
/*!50503 SET character_set_client = utf8mb4 */;
CREATE TABLE `sys_user_post` (
  `user_id` bigint NOT NULL COMMENT '用户ID',
  `post_id` bigint NOT NULL COMMENT '岗位ID',
  PRIMARY KEY (`user_id`,`post_id`)
) ENGINE=InnoDB DEFAULT CHARSET=utf8mb4 COLLATE=utf8mb4_0900_ai_ci COMMENT='用户与岗位关联表';
/*!40101 SET character_set_client = @saved_cs_client */;

--
-- Dumping data for table `sys_user_post`
--

LOCK TABLES `sys_user_post` WRITE;
/*!40000 ALTER TABLE `sys_user_post` DISABLE KEYS */;
INSERT INTO `sys_user_post` VALUES (1,1),(2,2);
/*!40000 ALTER TABLE `sys_user_post` ENABLE KEYS */;
UNLOCK TABLES;

--
-- Table structure for table `sys_user_role`
--

DROP TABLE IF EXISTS `sys_user_role`;
/*!40101 SET @saved_cs_client     = @@character_set_client */;
/*!50503 SET character_set_client = utf8mb4 */;
CREATE TABLE `sys_user_role` (
  `user_id` bigint NOT NULL COMMENT '用户ID',
  `role_id` bigint NOT NULL COMMENT '角色ID',
  PRIMARY KEY (`user_id`,`role_id`)
) ENGINE=InnoDB DEFAULT CHARSET=utf8mb4 COLLATE=utf8mb4_0900_ai_ci COMMENT='用户和角色关联表';
/*!40101 SET character_set_client = @saved_cs_client */;

--
-- Dumping data for table `sys_user_role`
--

LOCK TABLES `sys_user_role` WRITE;
/*!40000 ALTER TABLE `sys_user_role` DISABLE KEYS */;
INSERT INTO `sys_user_role` VALUES (1,1),(2,2),(100,100);
/*!40000 ALTER TABLE `sys_user_role` ENABLE KEYS */;
UNLOCK TABLES;

--
-- Table structure for table `vem_info`
--

DROP TABLE IF EXISTS `vem_info`;
/*!40101 SET @saved_cs_client     = @@character_set_client */;
/*!50503 SET character_set_client = utf8mb4 */;
CREATE TABLE `vem_info` (
  `id` int NOT NULL AUTO_INCREMENT COMMENT '售货机id',
  `location` varchar(50) DEFAULT NULL COMMENT '售货机位置',
  `status` varchar(20) DEFAULT NULL COMMENT '售货机状态',
  `version` varchar(20) DEFAULT NULL COMMENT '售货机公司品牌',
  `suppliers` varchar(20) DEFAULT NULL COMMENT '上架货物供应商',
  `created_time` datetime DEFAULT NULL COMMENT '建立时间',
  `last_maintenance_date` datetime DEFAULT NULL COMMENT '最后维护时间',
  `extendfield` json DEFAULT NULL COMMENT '扩展内容',
  `comment` varchar(200) DEFAULT NULL COMMENT '额外信息',
  PRIMARY KEY (`id`)
) ENGINE=InnoDB AUTO_INCREMENT=31 DEFAULT CHARSET=utf8mb4 COLLATE=utf8mb4_0900_ai_ci COMMENT='售货机主表';
/*!40101 SET character_set_client = @saved_cs_client */;

--
-- Dumping data for table `vem_info`
--

LOCK TABLES `vem_info` WRITE;
/*!40000 ALTER TABLE `vem_info` DISABLE KEYS */;
INSERT INTO `vem_info` VALUES (1,'安徽大学龙河校区','1','保护伞公司','0','2024-11-20 00:00:00',NULL,NULL,'正常使用'),(2,'合肥市包公园','2','保护伞公司','2','2023-01-15 10:00:00','2023-10-01 09:00:00','{\"capacity\": 50}','正常使用'),(3,'合肥市陶冲湖公园','3','保护伞公司','2','2023-02-20 11:30:00','2023-09-15 14:00:00','{\"capacity\": 30}','需要维护'),(4,'合肥市天鹅湖公园','1','保护伞公司','1','2023-03-05 12:00:00','2023-08-20 16:00:00','{\"capacity\": 40}','正常使用'),(5,'合肥市科大先研院','1','保护伞公司','2','2023-03-25 15:00:00','2023-10-10 10:00:00','{\"capacity\": 45}','正常使用'),(6,'合肥市中安创谷','2','保护伞公司','0','2023-04-12 09:00:00','2023-04-30 11:00:00','{\"capacity\": 20}','待修复'),(7,'合肥市大厦','3','保护伞公司','1','2023-04-30 08:30:00','2023-10-15 13:00:00','{\"capacity\": 60}','正常使用'),(8,'合肥市桃花工业园','2','保护伞公司','1','2023-05-15 14:00:00','2023-09-10 12:00:00','{\"capacity\": 35}','正常使用'),(9,'合肥市车辆段','0','保护伞公司','0','2023-05-28 10:00:00','2023-06-20 09:30:00','{\"capacity\": 25}','需要维护'),(10,'合肥市市政府','3','保护伞公司','2','2023-06-10 11:00:00','2023-10-05 15:00:00','{\"capacity\": 50}','正常使用'),(11,'合肥市机场','3','保护伞公司','2','2023-06-15 10:30:00','2023-07-25 14:30:00','{\"capacity\": 30}','正常使用'),(12,'合肥市火车站','1','保护伞公司','1','2023-07-01 09:00:00','2023-09-20 16:00:00','{\"capacity\": 40}','正常使用'),(13,'合肥市汽车站','1','保护伞公司','1','2023-07-15 11:00:00','2023-08-10 10:00:00','{\"capacity\": 15}','待修复'),(14,'合肥市商业中心','3','保护伞公司','0','2023-08-01 14:00:00','2023-10-12 13:00:00','{\"capacity\": 50}','正常使用'),(15,'合肥市科技馆','0','保护伞公司','2','2023-08-20 10:00:00','2023-09-25 14:00:00','{\"capacity\": 30}','正常使用'),(16,'合肥市博物馆','1','保护伞公司','0','2023-09-01 12:00:00','2023-10-20 09:00:00','{\"capacity\": 20}','正常使用'),(17,'合肥市文化广场','2','保护伞公司','1','2023-09-15 11:30:00','2023-10-18 15:00:00','{\"capacity\": 25}','正常使用'),(18,'合肥市乐园','0','保护伞公司','2','2023-09-20 10:00:00','2023-10-12 14:30:00','{\"capacity\": 35}','待修复'),(19,'合肥市体育馆','0','保护伞公司','1','2023-09-25 10:30:00','2023-10-15 13:00:00','{\"capacity\": 50}','正常使用'),(20,'合肥市地铁站','3','保护伞公司','1','2023-10-01 09:00:00','2023-10-20 11:00:00','{\"capacity\": 40}','正常使用'),(21,'合肥市展览中心','3','保护伞公司','2','2023-10-05 12:00:00','2023-10-10 10:00:00','{\"capacity\": 15}','需要维护'),(22,'合肥市儿童乐园','0','保护伞公司','1','2023-10-10 11:00:00','2023-10-15 09:00:00','{\"capacity\": 60}','正常使用'),(23,'合肥市美术馆','3','保护伞公司','0','2023-10-15 10:00:00','2023-10-20 13:00:00','{\"capacity\": 30}','正常使用'),(24,'合肥市青年公园','2','保护伞公司','1','2023-10-20 14:00:00','2023-10-25 15:00:00','{\"capacity\": 20}','待修复'),(25,'合肥市购物中心','1','保护伞公司','1','2023-10-25 09:00:00','2023-10-30 11:30:00','{\"capacity\": 50}','正常使用'),(29,'中国科学技术大学校区','0','保护伞公司','1','2025-03-24 21:58:23',NULL,NULL,NULL);
/*!40000 ALTER TABLE `vem_info` ENABLE KEYS */;
UNLOCK TABLES;

--
-- Table structure for table `vem_profile`
--

DROP TABLE IF EXISTS `vem_profile`;
/*!40101 SET @saved_cs_client     = @@character_set_client */;
/*!50503 SET character_set_client = utf8mb4 */;
CREATE TABLE `vem_profile` (
  `vem_id` int DEFAULT NULL COMMENT '售货机id',
  `soldQuantity` int DEFAULT NULL COMMENT '售出总件数',
  `remainingQuantity` int DEFAULT NULL COMMENT '剩余总数量',
  `totalProfit` int DEFAULT NULL COMMENT '总利润',
  `extendInfo` json DEFAULT NULL COMMENT '扩展字段',
  `createdTime` datetime DEFAULT NULL COMMENT '创建时间',
  `updatedTime` datetime DEFAULT NULL COMMENT '更新时间'
) ENGINE=InnoDB DEFAULT CHARSET=utf8mb4 COLLATE=utf8mb4_0900_ai_ci COMMENT='售货机利润表';
/*!40101 SET character_set_client = @saved_cs_client */;

--
-- Dumping data for table `vem_profile`
--

LOCK TABLES `vem_profile` WRITE;
/*!40000 ALTER TABLE `vem_profile` DISABLE KEYS */;
INSERT INTO `vem_profile` VALUES (1,23,207,77,NULL,'2023-01-15 00:00:00','2023-02-20 00:00:00'),(2,47,253,289,NULL,'2023-03-05 09:15:00','2023-04-10 16:20:00'),(3,90,210,457,NULL,'2023-02-10 11:00:00','2023-03-25 12:30:00'),(4,135,165,333,NULL,'2023-04-01 08:45:00','2023-05-12 18:00:00'),(5,180,120,1010,NULL,'2023-01-20 13:20:00','2023-02-28 10:10:00'),(6,225,75,730,NULL,'2023-05-15 14:50:00','2023-06-20 09:30:00'),(7,270,30,880,NULL,'2023-06-01 12:00:00','2023-07-05 17:45:00'),(8,315,0,705,NULL,'2023-03-12 16:30:00','2023-04-18 11:20:00'),(9,360,0,869,NULL,'2023-07-10 10:10:00','2023-08-15 14:00:00'),(10,405,0,1686,NULL,'2023-02-25 09:00:00','2023-03-30 13:50:00'),(11,23,207,77,NULL,'2023-04-20 17:00:00','2023-05-25 08:40:00'),(12,47,253,289,NULL,'2023-08-05 12:30:00','2023-09-10 15:20:00'),(13,90,210,457,NULL,'2023-05-01 14:15:00','2023-06-05 10:50:00'),(14,135,165,333,NULL,'2023-09-01 11:45:00','2023-10-01 16:30:00'),(15,180,120,1010,NULL,'2023-01-05 08:00:00','2023-02-10 12:15:00'),(16,225,75,730,NULL,'2023-03-20 15:40:00','2023-04-25 09:25:00'),(17,270,30,880,NULL,'2023-06-15 13:10:00','2023-07-20 18:50:00'),(18,315,0,705,NULL,'2023-02-15 10:50:00','2023-03-22 14:35:00'),(19,360,0,869,NULL,'2023-07-05 16:20:00','2023-08-10 11:10:00'),(20,405,0,1686,NULL,'2023-04-10 09:30:00','2023-05-15 17:00:00'),(21,15,135,30,NULL,'2023-05-20 12:45:00','2023-06-25 10:05:00');
/*!40000 ALTER TABLE `vem_profile` ENABLE KEYS */;
UNLOCK TABLES;

--
-- Table structure for table `vem_repair_records`
--

DROP TABLE IF EXISTS `vem_repair_records`;
/*!40101 SET @saved_cs_client     = @@character_set_client */;
/*!50503 SET character_set_client = utf8mb4 */;
CREATE TABLE `vem_repair_records` (
  `record_id` int DEFAULT NULL COMMENT '维修记录id',
  `vem_id` int DEFAULT NULL COMMENT '售货机id',
  `vem_location` varchar(20) DEFAULT NULL COMMENT '售货机位置',
  `Repairers` varchar(20) DEFAULT NULL COMMENT '维修者',
  `Repair_issues` varchar(50) DEFAULT NULL COMMENT '维修原因',
  `Repair_compelete` varchar(10) DEFAULT NULL COMMENT '是否维修完成',
  `extendField` json DEFAULT NULL COMMENT '扩展字段',
  `createtime` datetime DEFAULT NULL COMMENT '创建时间',
  `updatetime` datetime DEFAULT NULL COMMENT '更新时间'
) ENGINE=InnoDB DEFAULT CHARSET=utf8mb4 COLLATE=utf8mb4_0900_ai_ci COMMENT='售货机维修记录表';
/*!40101 SET character_set_client = @saved_cs_client */;

--
-- Dumping data for table `vem_repair_records`
--

LOCK TABLES `vem_repair_records` WRITE;
/*!40000 ALTER TABLE `vem_repair_records` DISABLE KEYS */;
INSERT INTO `vem_repair_records` VALUES (980014900,1,'安徽大学龙河校区\n','UBCS集团','售货机电路损坏,无法启动','2','{\"detail\": \"电路主板以及多处路线损坏，维修价值过低\"}','2023-05-20 12:45:00','2023-06-25 10:05:00');
/*!40000 ALTER TABLE `vem_repair_records` ENABLE KEYS */;
UNLOCK TABLES;

--
-- Table structure for table `vem_scrap_records`
--

DROP TABLE IF EXISTS `vem_scrap_records`;
/*!40101 SET @saved_cs_client     = @@character_set_client */;
/*!50503 SET character_set_client = utf8mb4 */;
CREATE TABLE `vem_scrap_records` (
  `scrap_id` int NOT NULL AUTO_INCREMENT COMMENT '单据id',
  `vem_id` int DEFAULT NULL COMMENT '售货机id',
  `vem_version` varchar(10) DEFAULT NULL COMMENT '售货机公司品牌',
  `scrap_reason` varchar(20) DEFAULT NULL COMMENT '废弃原因',
  `extendField` json DEFAULT NULL COMMENT '扩展字段',
  `createTime` datetime DEFAULT NULL COMMENT '创建时间',
  `updateTime` datetime DEFAULT NULL COMMENT '更新时间',
  PRIMARY KEY (`scrap_id`)
) ENGINE=InnoDB AUTO_INCREMENT=15 DEFAULT CHARSET=utf8mb4 COLLATE=utf8mb4_0900_ai_ci COMMENT='售货机报废表';
/*!40101 SET character_set_client = @saved_cs_client */;

--
-- Dumping data for table `vem_scrap_records`
--

LOCK TABLES `vem_scrap_records` WRITE;
/*!40000 ALTER TABLE `vem_scrap_records` DISABLE KEYS */;
INSERT INTO `vem_scrap_records` VALUES (13,1,'保护伞公司','维修价值过低',NULL,'2025-02-26 21:41:07',NULL),(14,3,'保护伞公司','无法维修',NULL,'2025-03-25 22:25:12',NULL);
/*!40000 ALTER TABLE `vem_scrap_records` ENABLE KEYS */;
UNLOCK TABLES;

--
-- Table structure for table `vending_machine_sales`
--

DROP TABLE IF EXISTS `vending_machine_sales`;
/*!40101 SET @saved_cs_client     = @@character_set_client */;
/*!50503 SET character_set_client = utf8mb4 */;
CREATE TABLE `vending_machine_sales` (
  `id` int NOT NULL AUTO_INCREMENT COMMENT '销售记录ID（主键自增）',
  `vem_id` int NOT NULL COMMENT '售货机ID（外键，关联vem_info表）',
  `product_id` int NOT NULL COMMENT '商品ID（外键，关联Product_info表）',
  `product_name` varchar(20) DEFAULT NULL COMMENT '商品名称',
  `sold_quantity` int NOT NULL DEFAULT '0' COMMENT '售出件数',
  `remaining_quantity` int NOT NULL DEFAULT '0' COMMENT '剩余数量',
  `total_profit` decimal(10,2) NOT NULL DEFAULT '0.00' COMMENT '总利润',
  `is_sold_out` tinyint(1) NOT NULL DEFAULT '0' COMMENT '是否售罄（1=售罄，0=未售罄）',
  `extend_info` json DEFAULT NULL COMMENT '扩展字段（JSON格式）',
  `created_time` datetime NOT NULL DEFAULT CURRENT_TIMESTAMP COMMENT '创建时间',
  `updated_time` datetime NOT NULL DEFAULT CURRENT_TIMESTAMP ON UPDATE CURRENT_TIMESTAMP COMMENT '更新时间',
  PRIMARY KEY (`id`),
  KEY `idx_product_id` (`product_id`),
  KEY `vem_product_id` (`vem_id`),
  CONSTRAINT `idx_product_id` FOREIGN KEY (`product_id`) REFERENCES `product_info` (`id`) ON DELETE CASCADE ON UPDATE CASCADE,
  CONSTRAINT `vem_product_id` FOREIGN KEY (`vem_id`) REFERENCES `vem_info` (`id`) ON DELETE CASCADE ON UPDATE CASCADE,
  CONSTRAINT `vending_machine_sales_chk_1` CHECK ((`sold_quantity` >= 0)),
  CONSTRAINT `vending_machine_sales_chk_2` CHECK ((`remaining_quantity` >= 0)),
  CONSTRAINT `vending_machine_sales_chk_3` CHECK ((`total_profit` >= 0))
) ENGINE=InnoDB AUTO_INCREMENT=63 DEFAULT CHARSET=utf8mb4 COLLATE=utf8mb4_0900_ai_ci COMMENT='售货机商品销售信息表';
/*!40101 SET character_set_client = @saved_cs_client */;

--
-- Dumping data for table `vending_machine_sales`
--

LOCK TABLES `vending_machine_sales` WRITE;
/*!40000 ALTER TABLE `vending_machine_sales` DISABLE KEYS */;
INSERT INTO `vending_machine_sales` VALUES (2,1,2,'绿茶饮料',5,45,17.50,0,'{\"补货记录\": \"2024-06-15\"}','2024-01-02 09:00:00','2025-02-16 17:48:19'),(3,1,3,'夹心饼干',8,72,47.92,0,'{\"补货记录\": \"2024-07-05\"}','2024-01-03 10:00:00','2025-02-16 17:48:19'),(4,2,4,'牛肉干',12,88,84.00,0,'{\"补货记录\": \"2024-05-12\"}','2024-01-04 11:00:00','2025-02-16 17:48:19'),(5,2,5,'酸奶',15,85,34.50,0,'{\"补货记录\": \"2024-06-30\"}','2024-01-05 12:00:00','2025-02-16 17:48:19'),(6,2,6,'巧克力',20,80,170.00,0,'{\"补货记录\": \"2024-04-22\"}','2024-01-06 13:00:00','2025-02-16 17:48:19'),(7,3,7,'薯片',25,75,124.75,0,'{\"补货记录\": \"2024-07-01\"}','2024-01-07 14:00:00','2025-02-16 17:48:19'),(8,3,8,'坚果组合',30,70,210.00,0,'{\"补货记录\": \"2024-03-15\"}','2024-01-08 15:00:00','2025-02-16 17:48:19'),(9,3,9,'泡面',35,65,122.50,0,'{\"补货记录\": \"2024-02-14\"}','2024-01-09 16:00:00','2025-02-16 17:48:19'),(10,4,10,'果汁',40,60,140.00,0,'{\"补货记录\": \"2024-06-20\"}','2024-01-10 17:00:00','2025-02-16 17:48:19'),(11,4,11,'火腿肠',45,55,67.50,0,'{\"补货记录\": \"2024-05-30\"}','2024-01-11 18:00:00','2025-02-16 17:48:19'),(12,4,12,'冰淇淋',50,50,125.00,0,'{\"补货记录\": \"2024-07-10\"}','2024-01-12 19:00:00','2025-02-16 17:48:19'),(13,5,13,'口香糖',55,45,302.50,0,'{\"补货记录\": \"2024-04-12\"}','2024-01-13 20:00:00','2025-02-16 17:48:19'),(14,5,14,'蛋糕',60,40,480.00,0,'{\"补货记录\": \"2024-02-28\"}','2024-01-14 21:00:00','2025-02-16 17:48:19'),(15,5,15,'海苔',65,35,227.50,0,'{\"补货记录\": \"2024-03-22\"}','2024-01-15 22:00:00','2025-02-16 17:48:19'),(16,6,16,'辣条',70,30,70.00,0,'{\"补货记录\": \"2024-06-18\"}','2024-01-16 23:00:00','2025-02-16 17:48:19'),(17,6,17,'凤爪',75,25,300.00,0,'{\"补货记录\": \"2024-05-05\"}','2024-01-17 08:00:00','2025-02-16 17:48:19'),(18,6,18,'八宝粥',80,20,360.00,0,'{\"补货记录\": \"2024-04-30\"}','2024-01-18 09:00:00','2025-02-16 17:48:19'),(19,7,19,'瓜子',85,15,242.25,0,'{\"补货记录\": \"2024-07-05\"}','2024-01-19 10:00:00','2025-02-16 17:48:19'),(20,7,20,'能量棒',90,10,495.00,0,'{\"补货记录\": \"2024-06-10\"}','2024-01-20 11:00:00','2025-02-16 17:48:19'),(21,7,21,'豆干',95,5,142.50,0,'{\"补货记录\": \"2024-05-20\"}','2024-01-21 12:00:00','2025-02-16 17:48:19'),(22,8,22,'棉花糖',100,0,220.00,1,'{\"补货记录\": \"2024-07-01\"}','2024-01-22 13:00:00','2025-02-16 17:48:19'),(23,8,23,'卤蛋',105,0,210.00,1,'{\"补货记录\": \"2024-03-10\"}','2024-01-23 14:00:00','2025-02-16 17:48:19'),(24,8,24,'虾条',110,0,275.00,1,'{\"补货记录\": \"2024-07-12\"}','2024-01-24 15:00:00','2025-02-16 17:48:19'),(25,9,25,'速溶咖啡',115,0,287.50,1,'{\"补货记录\": \"2024-06-25\"}','2024-01-25 16:00:00','2025-02-16 17:48:19'),(26,9,26,'果冻',120,0,144.00,1,'{\"补货记录\": \"2024-07-05\"}','2024-01-26 17:00:00','2025-02-16 17:48:19'),(27,9,27,'燕麦片',125,0,437.50,1,'{\"补货记录\": \"2024-02-14\"}','2024-01-27 18:00:00','2025-02-16 17:48:19'),(28,10,28,'猪肉脯',130,0,1287.00,1,'{\"补货记录\": \"2024-07-08\"}','2024-01-28 19:00:00','2025-02-16 17:48:19'),(29,10,29,'米饼',135,0,202.50,1,'{\"补货记录\": \"2024-01-10\"}','2024-01-29 20:00:00','2025-02-16 17:48:19'),(30,10,30,'龟苓膏',140,0,196.00,1,'{\"补货记录\": \"2024-06-28\"}','2024-01-30 21:00:00','2025-02-16 17:48:19'),(32,11,2,'绿茶饮料',5,45,17.50,0,'{\"补货记录\": \"2024-06-15\"}','2024-02-02 09:00:00','2025-02-16 17:48:19'),(33,11,3,'夹心饼干',8,72,47.92,0,'{\"补货记录\": \"2024-07-05\"}','2024-02-03 10:00:00','2025-02-16 17:48:19'),(34,12,4,'牛肉干',12,88,84.00,0,'{\"补货记录\": \"2024-05-12\"}','2024-02-04 11:00:00','2025-02-16 17:48:19'),(35,12,5,'酸奶',15,85,34.50,0,'{\"补货记录\": \"2024-06-30\"}','2024-02-05 12:00:00','2025-02-16 17:48:19'),(36,12,6,'巧克力',20,80,170.00,0,'{\"补货记录\": \"2024-04-22\"}','2024-02-06 13:00:00','2025-02-16 17:48:19'),(37,13,7,'薯片',25,75,124.75,0,'{\"补货记录\": \"2024-07-01\"}','2024-02-07 14:00:00','2025-02-16 17:48:19'),(38,13,8,'坚果组合',30,70,210.00,0,'{\"补货记录\": \"2024-03-15\"}','2024-02-08 15:00:00','2025-02-16 17:48:19'),(39,13,9,'泡面',35,65,122.50,0,'{\"补货记录\": \"2024-02-14\"}','2024-02-09 16:00:00','2025-02-16 17:48:19'),(40,14,10,'果汁',40,60,140.00,0,'{\"补货记录\": \"2024-06-20\"}','2024-02-10 17:00:00','2025-02-16 17:48:19'),(41,14,11,'火腿肠',45,55,67.50,0,'{\"补货记录\": \"2024-05-30\"}','2024-02-11 18:00:00','2025-02-16 17:48:19'),(42,14,12,'冰淇淋',50,50,125.00,0,'{\"补货记录\": \"2024-07-10\"}','2024-02-12 19:00:00','2025-02-16 17:48:19'),(43,15,13,'口香糖',55,45,302.50,0,'{\"补货记录\": \"2024-04-12\"}','2024-02-13 20:00:00','2025-02-16 17:48:19'),(44,15,14,'蛋糕',60,40,480.00,0,'{\"补货记录\": \"2024-02-28\"}','2024-02-14 21:00:00','2025-02-16 17:48:19'),(45,15,15,'海苔',65,35,227.50,0,'{\"补货记录\": \"2024-03-22\"}','2024-02-15 22:00:00','2025-02-16 17:48:19'),(46,16,16,'辣条',70,30,70.00,0,'{\"补货记录\": \"2024-06-18\"}','2024-02-16 23:00:00','2025-02-16 17:48:19'),(47,16,17,'凤爪',75,25,300.00,0,'{\"补货记录\": \"2024-05-05\"}','2024-02-17 08:00:00','2025-02-16 17:48:19'),(48,16,18,'八宝粥',80,20,360.00,0,'{\"补货记录\": \"2024-04-30\"}','2024-02-18 09:00:00','2025-02-16 17:48:19'),(49,17,19,'瓜子',85,15,242.25,0,'{\"补货记录\": \"2024-07-05\"}','2024-02-19 10:00:00','2025-02-16 17:48:19'),(50,17,20,'能量棒',90,10,495.00,0,'{\"补货记录\": \"2024-06-10\"}','2024-02-20 11:00:00','2025-02-16 17:48:19'),(51,17,21,'豆干',95,5,142.50,0,'{\"补货记录\": \"2024-05-20\"}','2024-02-21 12:00:00','2025-02-16 17:48:19'),(52,18,22,'棉花糖',100,0,220.00,1,'{\"补货记录\": \"2024-07-01\"}','2024-02-22 13:00:00','2025-02-16 17:48:19'),(53,18,23,'卤蛋',105,0,210.00,1,'{\"补货记录\": \"2024-03-10\"}','2024-02-23 14:00:00','2025-02-16 17:48:19'),(54,18,24,'虾条',110,0,275.00,1,'{\"补货记录\": \"2024-07-12\"}','2024-02-24 15:00:00','2025-02-16 17:48:19'),(55,19,25,'速溶咖啡',115,0,287.50,1,'{\"补货记录\": \"2024-06-25\"}','2024-02-25 16:00:00','2025-02-16 17:48:19'),(56,19,26,'果冻',120,0,144.00,1,'{\"补货记录\": \"2024-07-05\"}','2024-02-26 17:00:00','2025-02-16 17:48:19'),(57,19,27,'燕麦片',125,0,437.50,1,'{\"补货记录\": \"2024-02-14\"}','2024-02-27 18:00:00','2025-02-16 17:48:19'),(58,20,28,'猪肉脯',130,0,1287.00,1,'{\"补货记录\": \"2024-07-08\"}','2024-02-28 19:00:00','2025-02-16 17:48:19'),(59,20,29,'米饼',135,0,202.50,1,'{\"补货记录\": \"2024-01-10\"}','2024-02-29 20:00:00','2025-02-16 17:48:19'),(60,20,30,'龟苓膏',140,0,196.00,1,'{\"补货记录\": \"2024-06-28\"}','2024-03-01 21:00:00','2025-02-16 17:48:19'),(62,21,2,'绿茶饮料',5,45,17.50,0,'{\"补货记录\": \"2024-06-15\"}','2024-03-03 09:00:00','2025-02-16 17:48:19');
/*!40000 ALTER TABLE `vending_machine_sales` ENABLE KEYS */;
UNLOCK TABLES;
/*!40103 SET TIME_ZONE=@OLD_TIME_ZONE */;

/*!40101 SET SQL_MODE=@OLD_SQL_MODE */;
/*!40014 SET FOREIGN_KEY_CHECKS=@OLD_FOREIGN_KEY_CHECKS */;
/*!40014 SET UNIQUE_CHECKS=@OLD_UNIQUE_CHECKS */;
/*!40101 SET CHARACTER_SET_CLIENT=@OLD_CHARACTER_SET_CLIENT */;
/*!40101 SET CHARACTER_SET_RESULTS=@OLD_CHARACTER_SET_RESULTS */;
/*!40101 SET COLLATION_CONNECTION=@OLD_COLLATION_CONNECTION */;
/*!40111 SET SQL_NOTES=@OLD_SQL_NOTES */;

-- Dump completed on 2025-06-24 10:50:50
